policy_number,policy_holder_name,start_date,end_data,policy_coverage
SIC123456789,John Smith,2023-05-15,2024-05-15,"Insurance Board Program Sample Workers' Compensation Insurance Policy. This is
optional coverage and requires a separate policy. This is a SAMPLE POLICY ONLY.
Workers’ Compensation
and Employers’ Liability
Business Insurance Policy
Form WC 99 00 02 (03/14) Page 1 of 1
Insurance Policy Billing Information
Thank you for selecting The Hartford for your business insurance needs.
Shortly, you will receive your first bill from us. You are receiving this Notice so you know what
to expect as a valued customer of The Hartford. Should you have any questions after
reviewing this information, please contact us at 866-467-8730, and we will be happy to assist
you.
o Your total policy premium will appear on your policy’s Declarations Page. You will be billed based on the payment plan
you selected.
o You may pay the ""minimum due"" as it appears on your insurance bill or pay the policy balance in full.
o An installment service fee is added to each installment. A late fee will also be applied if the ""minimum due"" is not
received by the due date shown on your bill. Service and late payment fees do not apply in all states.
o If you selected installment billing, any credit or additional premium due as the result of a change made to your policy,
will be spread over the remaining billing installments. Additional premium due as a result of an audit will be billed in full
on your next bill date following the completion of the audit.
o If you elected Electronic Funds Transfer (EFT), policy changes may result in changes to the amount automatically
withdrawn from your bank account. The invoice you receive following a policy change will include future withdrawal
amounts. If you need to adjust or stop your next scheduled EFT withdrawal, please contact us at least 3 days prior to
the scheduled withdrawal date at the telephone number shown below.
o If you selected installment billing and pay the premiums for your first policy term on time, at renewal, your account may
qualify for our ""Equal Installment"" feature. This means that the percentage due for each installment, including the initial
renewal installment, will be the same throughout the policy term – helping you better manage cash flow. Equal
installments will continue as long as you pay your premiums on time and no cancellation notices are issued for any
policy on your account. If you no longer qualify for Equal Installments, future renewals will be billed based on the
payment plan you selected, which includes a higher initial installment amount.
o If your policy is eligible for renewal, your bill for the upcoming policy term will be sent to you approximately 30 days
prior to your policy’s renewal date. If your insurance needs change, please contact us at least 60 days prior to your
renewal date so we can properly address any adjustments needed.
o One bill convenience-- you have the option of combining all eligible Hartford policies on one single bill allowing you
to make one payment for all policies on your account as payments are due.
You’re In Control
In addition to selecting a bill plan option that best meets your budget, you have the flexibility to decide how your payments
are made …
o Repetitive EFT: Sign up for Repetitive EFT payments and have payments automatically withdrawn from your bank
account. This option saves you money by reducing the amount of the installment service fee.
o Pay Online: Register at www.thehartford.com/servicecenter. Online Bill Pay is Quick, Easy and Secure!
o Pay by Check: Send a check with your remittance stub in the envelope provided with your bill.
o Pay by Phone: Call toll-free 1-866-467-8730.
Should you have any questions about your bill, please call Customer Service toll-free number:
1-866-467-8730 - 7AM – 7PM CST. We look forward to being of service to you.
Form 100722 11th Rev. Printed in U.S.A.
Policy Number Policy Effective Date
Dear Hartford Insured,
Re: An Important Message to Workers Compensation Policyholders
The control of workplace accidents and injuries should be among the highest priorities of your
firm. Each accident wastes precious human and financial resources, and introduces
inefficiencies into your operations. From a practical standpoint, the control of accidents, and
their inevitable costs, simply makes good business sense.
An effective risk engineering program can save you money and aggravation, can positively
impact your loss experience (and thus your premium), and most importantly, can help you
maintain solid control of your operations.
As a service to you, our valued customer, the Risk Engineering Department of The Hartford in
cooperation with your independent agent, can assist you in establishing risk engineering
strategies. If you would like assistance, please complete and return to us the reply portion of
this brochure, or contact your independent agent.
Services Available
The following is a description of some of the services that we provide. The types of
services that may be appropriate for your business depend upon the nature and size of
your operations and the specific risk engineering services you have requested. The
cost of risk engineering services may or may not be a part of your insurance premium.
This depends on the extent of the requested services, agreements stated in your
insurance policy and program, and statutory regulations that may require us to provide
risk engineering services.
1) Reference Materials – Information about risk engineering topics that can be provided or
made available to you to help you to enhance your risk engineering program.
2) Telephone Consultation – We can hold a teleconference with you to help you to evaluate
your risk engineering program, identify areas for improvement, and recommend ways to
implement such improvements.
3) Onsite Consultation – This consists of visiting your premises and helping you to assess
and remedy your risk engineering needs onsite. This level of service is usually only
appropriate for larger, higher hazard operations. The following are examples of some of
the services that could be provided onsite:
o A review of your safety program to determine its adequacy and recommend
modifications to that plan where needed.
Form 97485 16th Rev. Printed in U.S.A. Process Date: Policy Expiration Date:
Page 1 of 6
o Specific hazard evaluations, including ergonomics, industrial hygiene or material
handling.
o An initial survey and evaluation to address potential safety and health hazards.
o Consultation to help management establish a comprehensive loss prevention Program.
o Periodic summaries of accidents and analysis of causes.
o Follow-up visits to check on progress and to provide continuing assistance when
required.
A Word About OSHA
The Occupational Safety and Health Act of 1970 and similarly approved State Plans require
employers to provide their employees with safe and healthful places to work. The Occupational
Safety and Health Administration (OSHA) of the U.S. Department of Labor and similar State
agencies enforce the regulations and apply penalties (civil and criminal) for non-compliance.
New standards have been developed, and through application and interpretation, standards
change. You should make yourself aware of the standards that are applicable to your
operations, and assure yourself that reasonable efforts are made to be in compliance. Copies
of the standards are available through most libraries, or can be obtained through OSHA or the
U.S. Government Printing Office.
You should know that neither The Hartford, nor any other party, can fulfill your obligations under the Law.
Questions related to your legal obligations should be referred to your legal counsel.
Some Safety Reminders from The Hartford:
Have you considered:
o The need to formalize your safety efforts to assure compliance and document your
efforts?
o The need to acquire Material Safety Data Sheets on all hazardous materials and the
need for training on appropriate safety measures for your employees?
o Requirements for record keeping of injuries, illnesses, and exposure to hazardous
substances?
o Assessing each job task to determine hazards and needed controls?
o Measuring each exposure to hazardous substances to determine the need for control or
personal protective equipment?
o What mechanisms are in place to periodically verify that exposure controls (guards,
ventilation systems, etc.) are still in place and working?
o What specific training your employees and your supervisors need to avoid hazards in
the workplace?
o What specific OSHA standards apply to your business?
Form 97485 16th Rev. Printed in U.S.A. Page 2 of 6
o What mechanism exists to promptly investigate all accidents and ‘near-misses’ to limit
the chance of another occurrence?
o The financial impact an injury or illness has on your business?
o What resources are available to you to help prevent accidents and illnesses?
Thank you for your business.
Sincerely,
The Hartford's Risk Engineering Department
Form 97485 16th Rev. Printed in U.S.A. Page 3 of 6
THIS BROCHURE IS PROVIDED FOR INFORMATIONAL PURPOSES ONLY. IT IS NOT
INTENDED TO BE A SUBSTITUTE FOR A COMPLETE ON-SITE SAFETY INSPECTION
CONDUCTED BY A QUALIFIED RISK ENGINEERING SPECIALIST. READERS ARE
ENCOURAGED TO HAVE SUCH AN INSPECTION CONDUCTED BOTH TO PROMOTE
WORKPLACE SAFETY AND TO COMPLY WITH APPLICABLE LAW.
FOR ADDITIONAL INFORMATION OR ASSISTANCE, EITHER TELEPHONE OR MAIL
THIS FORM TO YOUR HARTFORD AGENT OR NEAREST OFFICE OF THE HARTFORD
NOTICE TO ARKANSAS POLICYHOLDERS
The Hartford is required by law to provide its policyholders with certain accident prevention services at
no additional cost as required by ARK. Code Ann. §11-9-409(D) and Rule 32. If you would like more
information, call The Hartford’s Risk Engineering Department, One Hartford Plaza, T-7, Hartford, CT 06155
at 1-866-586-0467. If you have any questions about this requirement, call the Health and Safety Division,
Arkansas Workers’ Compensation Commission at 1-800-622-4472.
NOTICE TO CALIFORNIA POLICYHOLDERS
The Hartford is required by law to provide its policyholders with certain occupational safety and health risk
engineering consultation services as required by the California Labor Code, §6354.5, at no additional
charge. If you would like more information call The Hartford’s Risk Engineering Department at 1-866-586-
0467 for occupational safety and health risk engineering consultation services.
California Workers Compensation insurance policyholders may register comments about the insurer’s risk
engineering consultation service by writing to:
State of California
Department of Industrial Relations
Division of Occupational Safety and Health
P.O. Box 420603
San Francisco, California 94142
NOTICE TO PENNSYLVANIA POLICYHOLDERS
The Hartford maintains and provides accident and illness prevention services as required by the nature of
the policyholder's business or its operation, in accordance with the Pennsylvania Workers'
Compensation Act. For more information about these services contact your Hartford Agent or nearest
office of The Hartford.
Form 97485 16th Rev. Printed in U.S.A. Page 4 of 6
NOTICE TO TEXAS POLICYHOLDERS
Pursuant to Texas Labor Code §411.066, The Hartford is required to notify its policyholders that accident
prevention services are available from The Hartford at no additional charge. These services may include
surveys, recommendations, training programs, consultations, analyses of accident causes, industrial
hygiene and industrial health services.
The Hartford is also required to provide return-to-work coordination services as required by Texas Labor
Code §413.021 and to notify you of the availability of the return-to-work reimbursement program for
employers under Texas Labor Code §413.022.
If you would like more information, contact The Hartford at 1-866-586-0467 and email
contactriskengineering@thehartford.com for accident prevention services or 1-877-952-9222 and email
CentralClaimCenter.WCEDM@thehartford.com for return-to-work coordination services.
For information about these requirements call the Texas Department of Insurance, Division of Workers’
Compensation (TDI-DWC) at 1-800-687-7080 or for information about the return-to-work reimbursement
program for employers call the TDI-DWC at 1-512-804-5000.
If The Hartford fails to respond to your request for accident prevention services or return-to-work
coordination services, you may file a complaint with the TDI-DWC in writing at http://www.tdi.texas.gov or
by mail to Texas Department of Insurance, Division of Workers’ Compensation, MS-8, at 7551 Metro
Center Drive, Austin, Texas 78744-1645.
Form 97485 16th Rev. Printed in U.S.A. Page 5 of 6
To The Hartford’s Risk Engineering Department:
Yes – I am interested in obtaining information concerning:
General Topics Business Continuity Construction
Accident Analysis Business Travel Safety Construction Site Consultation
Accident Investigations Contingency Planning Overview Construction Equipment Hazards
Establishing a Risk Engineering
Program
Emergency/Disaster Response Hazard Communication
Hazard Recognition Emergency Evacuation Drills Ladders & Scaffolds
Safety Committees Emergency Preparedness Planning Trenching & Evacuation
Fall Protection
Ergonomics Industrial Hygiene Property
Back Injury Prevention Hazard Communication Automatic Sprinkler System
Computer Workstation Industrial Hygiene (general) Flammable Liquids
Cumulative Trauma Disorders Indoor Air Quality Fire Prevention and Protection
Ergo Train-the-Trainer Noise Exposures Fire Drill and Evacuation
Telecommuting Respiratory Protection Hot Work Permit Program
Transportation Workers’ Compensation Other Topics
3-D Driver Training Bloodborne Pathogens Business Risk Management
Driving Defensively Drug Screening General Liability Investigations
Fleet Newsletter Machine Safeguarding Product Liability Programs
Guide to Successful Driver Mgmt Return to Work Programs Safety Training
School Bus Driving Tips Slip and Falls Security/Terrorism
Name
Company Policy #
Address
City & State Zip Code
Email Address: Telephone
For more information on the above, you can visit our website at
https://www.thehartford.com/riskengineering
Or you may forward your request to:
Fax line: 1-860-723-4459
Or mail to:
The Hartford Financial Services Group
Risk Engineering Department
One Hartford Plaza, T-7
Hartford, CT 06155
Form 97485 16th Rev. Printed in U.S.A. Page 6 of 6
MAINTAINING YOUR RECORDS
FOR AUDIT PURPOSES
WHAT IS A PREMIUM ADJUSTMENT?
When your Workers' Compensation policy was issued you
paid a deposit premium based on the nature of your
business and estimates of your payroll. At the end of the
policy period, we conduct an audit to compare the
estimates against the actual figures and operations.
Based on this comparison an adjustment is made. If the
actual premium is less than what you already have paid, a
refund will be made. If it's more, you will be billed for the
difference. These adjustments are subject to any minimum
premiums that apply.
HOW WILL THE PREMIUM ADJUSTMENT BE MADE?
On smaller, less complex operations we may e-mail you,
call you, or mail you a request to ask you to provide the
information via our online web-based portal, mail or
telephone. If we require this information, we will provide
an electronic link to, or a paper copy of, the necessary
forms for you to complete.
On larger, more complex operations one of our Premium
Auditors will contact you for an appointment. You will be
contacted either by e-mail, telephone or mail. If directed,
the auditor will contact your accountant to obtain as much
information as possible and contact you at a later time for
additional information that may be needed.
BASIS OF PREMIUM
Remuneration (Payroll) in most states, includes:
Payment of: Wages, bonuses, commissions,
overtime,* sick pay, vacation pay,* tool
allowances, contributions to individual
retirement accounts, employee
contributions to employee benefit plans.
Payments on
basis of: Piece work, incentive plans, profit sharing.
The value of: Housing furnished to employees,* meals
furnished to employees,* store certificates,
merchandise and other dollar substitutes.
Remuneration does not include:
a. Employer contributions to a group insurance or
pension plan other than statutory plans of insurance.
b. Special awards for individual inventions or
discoveries.
c. Overtime.*
Subcontractors. In the absence of other insurance, most
state laws hold a contractor responsible for injuries to
employees of subcontractors. At the time of audit
Certificates of Insurance must be available for
subcontractors with employees, in order to avoid payment
of premium.
Independent Contractors, without employees, whose
duties closely resemble those of an employee, will be
considered your employee with the appropriate premium
charged.
The actual working relationship between you and the
Independent Contractor is examined. Items such as, but
not limited to: whether the work performed is an integral
part of your operations, whether you have the right to
control the details of the work, the method of payment,
who supplied the materials used, does the person
regularly work for others, whose regulatory authority did
person operate under, whether the person is involved in a
separate and distinct business offering the same services
to the public.
RECORDS
As part of the policy conditions, we are allowed to
examine your financial books and records to determine
actual exposures and operations. We would appreciate
your cooperation in making the needed records available
for the auditor's inspection.
What Records Will Be Needed?
The records needed will vary. In most cases, the Premium
Auditor will be able to obtain the necessary audit data
from two or more of the following records: Journals,
Ledgers, State and Federal Tax Reports, Individual
Earning Cards, Checkbooks and Contracts.
Form 98456 5th Rev. 12-13 Printed in U.S.A. Page 1 of 2
How You Should Keep Your Records
By maintaining your payroll records in accordance with the
following guidelines, you might reduce your insurance
costs.
Overtime. In most states, the amount paid in excess of
straight time pay can be deducted if it can be verified in
your records. You must maintain your records to show
pay separately by employee and in summary by
classification of work.
*Division of an employee's payroll to more than one
classification is not allowed in most states.
Exception: For construction, erection or stevedoring
operations the payroll of an employee may be allocated to
each type of work performed if proper records are kept.
Your records must show the number of hours and amount
of payroll for each type of work. If you do not keep such a
breakdown, the full salary must be charged to the highest
rated classification to which the employee is exposed.
Executive Officers in most states are considered
employees of their corporation and included in the
computation of premium. Their remuneration is assigned
without division to the actual operation in which they are
engaged. If their duties are the same as those of a
worker, foreman or superintendent, their payroll is
assigned to the classification that develops the highest
payroll. Minimum and maximum payrolls apply to
executive officers.
Automated Records. If your records are automated or
you plan to automate in the near future you can obtain
maximum benefits by setting up your records to include
insurance requirements. Our Premium Auditor will be
pleased to assist you in setting up your records. Contact
your Hartford Representative if you would like this
assistance.
NOTE: The contents of this publication are not intended
to supersede any definitions or conditions of your policy,
the Workers' Compensation Law or any legal rulings.
*Your state may have specific rules or exceptions.
Please contact your Hartford Representative for details
that may apply and answer questions you may have.
Form 98456 5th Rev. 12-13 Printed in U.S.A. Page 2 of 2
IMPORTANT NOTICE TO POLICYHOLDERS
DISCLOSURE PURSUANT TO TERRORISM RISK
INSURANCE ACT
A. Disclosure Of Premium
In accordance with the federal Terrorism Risk
Insurance Act, as amended (TRIA), we are
required to provide you with a notice disclosing the
portion of your premium, if any, attributable to
coverage for ""certified acts of terrorism"" under
TRIA. The charge for terrorism is shown in Item 4
of the Information Page or on the Schedule. The
rate for terrorism will apply as of the effective date
of your policy. The terrorism rates are subject to
change at any time based on state regulatory
action.
B. The following definition is added with respect to
the provisions of this endorsement:
1. A ""certified act of terrorism"" means an act that
is certified by the Secretary of the Treasury, in
accordance with the provisions of TRIA, to be
an act of terrorism under TRIA. The criteria
contained in TRIA for a ""certified act of
terrorism"" include the following:
a. The act results in insured losses in
excess of $5 million in the aggregate,
attributable to all types of insurance
subject to TRIA; and
b. The act results in damage within the
United States, or outside the United
States in the case of certain air carriers
or vessels or the premises of an United
States mission; and
c. The act is a violent act or an act that is
dangerous to human life, property or
infrastructure and is committed by an
individual or individuals as part of an
effort to coerce the civilian population of
the United States or to influence the
policy or affect the conduct of the United
States Government by coercion.
Calendar Year Federal Share of
Terrorism Losses
2015 85%
2016 84%
2017 83%
2018 82%
2019 81%
2020 or later 80%
C. Disclosure Of Federal Share Of Terrorism
Losses Under TRIA
The United States Department of the Treasury will
reimburse insurers for a portion of such insured
losses as indicated in the table below that exceeds
the applicable insurer deductible:
However, if aggregate insured losses attributable
to ""certified acts of terrorism"" under TRIA exceed
$100 billion in a calendar year, the Treasury shall
not make any payment for any portion of the
amount of such losses that exceeds $100 billion.
The United States Government has not charged
any premium for their participation in covering
terrorism losses.
D. Cap On Insurer Liability for Terrorism Losses
Under TRIA
If aggregate insured losses attributable to ""certified
acts of terrorism"" under TRIA exceed $100 billion
in a calendar year and we have met, or will meet,
our insurer deductible under TRIA we shall not be
liable for the payment of any portion of the amount
of such losses that exceeds $100 billion. In such
case, your coverage for terrorism losses may be
reduced on a pro-rata basis in accordance with
procedures established by the Treasury, based on
its estimates of aggregate industry losses
Form WC 66 03 37 H Printed in U.S.A. Page 1 of 2
and our estimate that we will exceed our insurer
deductible. In accordance with Treasury
procedures, amounts paid for losses may be
subject to further adjustments based on
differences between actual losses and estimates.
E. All other terms and conditions remain the
same.
Form WC 66 03 37 H Printed in U.S.A. Page 2 of 2
(Policy Provisions: WC000000C)
INFORMATION PAGE
WORKERS COMPENSATION AND EMPLOYERS LIABILITY POLICY
INSURER: The Sentinel Insurance Company
ONE HARTFORD PLAZA HARTFORD CT 06155
NCCI Company Number:
Company Code: A
Suffix
LARS RENEWAL
POLICY NUMBER:
Previous Policy Number:
1. Named Insured and Mailing Address:
(No., Street, Town, State, Zip Code)
FEIN Number:
State Identification Number(s):
Producer’s Name: The Named Insured is: Corporation
Business of Named Insured: Religious Organizations
Other workplaces not shown above:
2. Policy Period: From To
12:01 a.m., Standard time at the insured's mailing address.
UNITED CHURCH INSURANCE SERVICES
700 PROSPECT AVENUE
CLEVELAND OH 44115
Producer’s Code: 45456282
Issuing Office: THE HARTFORD BUSINESS SERVICE CENTER
3600 WISEMAN BLVD
SAN ANTONIO TX 78251
(877) 853-2582
Total Estimated Annual Premium:
Deposit Premium:
Policy Minimum Premium:
Audit Period: ANNUAL Installment Term:
The policy is not binding unless countersigned by our authorized representative.
Countersigned by
Authorized Representative Date
Form WC 00 00 01 A (1) Printed in U.S.A. Page 1 (Continued on next page)
Process Date: Policy Expiration Date:
INFORMATION PAGE (Continued) Policy Number:
3. A. Workers Compensation Insurance: Part one of the policy applies to the Workers Compensation Law of the states
listed here:
B. Employers Liability Insurance: Part Two of the policy applies to work in each state listed in Item 3.A.
The limits of our liability under Part Two are:
Bodily injury by Accident $1,000,000 each accident
Bodily injury by Disease $1,000,000 policy limit
Bodily injury by Disease $1,000,000 each employee
C. Other States Insurance: Part Three of the policy applies to the states, if any , listed here:
ALL STATES EXCEPT NORTH DAKOTA, OHIO, WASHINGTON, WYOMING, U.S.TERRITORIES AND STATES
DESIGNATED IN ITEM 3.A. OF THE INFORMATION PAGE.
D. This policy includes these endorsements and schedule:
4. The premium for this policy will be determined by our Manuals of Rules, Classifications, Rates and Rating
Plans. All information required below is subject to verification and change by audit.
Premium Basis
Classifications
Code Number and
Total Estimated
Annual
Rates Per
$100 of
Estimated
Annual
Description Remuneration Remuneration Premium
Terrorism Risk Insurance Program Reauthorization Act Disclosure Endorsement
Catastrophe (Other Than Certified Acts Of Terrorism)
Other Miscellaneous State Premiums
Estimated Annual Premium (before Surcharges)
Total Estimated Surcharges
*See the attached Schedule(s) of Operations for Location and State Level Premium Information
Total Estimated Annual Premium:
Deposit Premium:
Policy Minimum Premium:
Interstate/Intrastate Identification Number:
Labor Contractors Policy Number: NAICS: 813110
SIC: 8661
Form WC 00 00 01 A (1) Printed in U.S.A. Page 2
Process Date: Policy Expiration Date:
WORKERS COMPENSATION AND EMPLOYERS LIABILITY INSURANCE POLICY
QUICK REFERENCE
Beginning Beginning
on Page on Page
INFORMATION PAGE PART TWO - Continued
1 G. Limits of Liability .............................................. 4
General Section.............................................................. 1 H. Recovery From Others..................................... 4
A. The Policy............................................................... 1 I. Actions Against Us........................................... 4
B. Who Is Insured....................................................... 1
C. Workers Compensation Law.................................. 1 PART THREE - OTHER STATES INSURANCE 4
D. State....................................................................... 1 A. How This Insurance Applies............................. 4
E. Locations................................................................ 1 B. Notice............................................................... 5
PART ONE - WORKERS COMPENSATION INSURANCE... 1 PART FOUR - YOUR DUTIES IF INJURY OCCURS..... 5
A. How This Insurance Applies................................... 1
B. We Will Pay............................................................ 1 PART FIVE - PREMIUM............................................... 5
C. We Will Defend....................................................... 1 A. Our Manuals..................................................... 5
D. We Will Also Pay.................................................... 1 B. Classifications.................................................. 5
E. Other Insurance...................................................... 2 C. Remuneration................................................... 5
F. Payments You Must Make...................................... 2 D. Premium Payments.......................................... 5
G. Recovery From Others........................................... 2 E. Final Premium.................................................. 5
H. Statutory Provisions................................................ 2 F. Records............................................................ 6
G. Audit................................................................. 6
PART TWO - EMPLOYERS LIABILITY INSURANCE...... 2
A. How This Insurance Applies................................... 2 PART SIX - CONDITIONS....................................... 6
B. We will Pay............................................................. 3 A. Inspection......................................................... 6
C. Exclusions.............................................................. 3 B. Long Term Policy............................................. 6
D. We Will Defend....................................................... 3 C. Transfer of Your Rights and Duties.................. 6
E. We Will Also Pay.................................................... 4 D. Cancellation..................................................... 6
F. Other Insurance...................................................... 4 E. Sole Representative......................................... 6
IMPORTANT: This Quick Reference is not part of the Workers Compensation and Employers Liability Policy and does
not provide coverage. Refer to the Workers Compensation and Employers Liability Policy itself for
actual contractual provisions.
PLEASE READ THE WORKERS COMPENSATION AND EMPLOYERS LIABILITY POLICY CAREFULLY.
Form WC 66 01 56 B Process Date: 11/22/18 Printed in U.S.A.
Policy Expiration Date: 01/01/20
WORKERS COMPENSATION AND EMPLOYERS
LIABILITY INSURANCE POLICY
In return for the payment of the premium and subject to all terms of this policy, we agree with you as follows:
GENERAL SECTION
A. The Policy
This policy includes at its effective date the
Information Page and all endorsements and schedules
listed there. It is a contract of insurance between you
(the employer named in Item 1 of the Information
Page) and us (the insurer named on the Information
Page). The only agreements relating to this insurance
are stated in this policy. The terms of this policy may
not be changed or waived except by endorsement
issued by us to be part of this policy.
B. Who Is Insured
You are insured if you are an employer named in Item
1 of the Information Page. If that employer is a
partnership, and if you are one of its partners, you are
insured, but only in your capacity as an employer of
the partnership's employees.
C. Workers Compensation Law
Workers Compensation Law means the workers or
workmen's compensation law and occupational disease
law of each state or territory named in Item 3.A. of the
Information Page. It includes any amendments to
that law which are in effect during the policy period. It
does not include any federal workers or workmen's
compensation law, any federal occupational disease
law or the provisions of any law that provide
nonoccupational disability benefits.
D. State
State means any state of the United States of
America, and the District of Columbia.
E. Locations
This policy covers all of your workplaces listed in
Items 1 or 4 of the Information Page; and it covers all
other workplaces in Item 3.A. states unless you have
other insurance or are self-insured for such
workplaces.
A. How This Insurance Applies
This workers compensation insurance applies to
bodily injury by accident or bodily injury by disease.
Bodily injury includes resulting death.
1. Bodily injury by accident must occur during the
policy period.
2. Bodily injury by disease must be caused or
aggravated by the conditions of your employment.
The employee's last day of last exposure to the
conditions causing or aggravating such bodily
injury by disease must occur during the policy
period.
B. We Will Pay
We will pay promptly when due the benefits required
of you by the workers compensation law.
PART ONE - WORKERS COMPENSATION INSURANCE
C. We Will Defend
We have the right and duty to defend at our expense
any claim, proceeding or suit against you for benefits
payable by this insurance. We have the right to
investigate and settle these claims, proceedings or
suits.
We have no duty to defend a claim, proceeding or
suit that is not covered by this insurance.
D. We Will Also Pay
We will also pay these costs, in addition to other
amounts payable under this insurance, as part of any
claim, proceeding or suit we defend:
1. reasonable expenses incurred at our request, but
not loss of earnings;
Form WC 00 00 00 C Printed in U.S.A. Process Date: 11/22/18 Page 1 of 6
Policy Expiration Date: 01/01/20
2. premiums for bonds to release attachments and
for appeal bonds in bond amounts up to the
amount payable under this insurance;
3. 4. litigation costs taxed against you;
interest on a judgment as required by law until we
offer the amount due under this insurance; and
5. expenses we incur.
E. Other Insurance
We will not pay more than our share of benefits and
costs covered by this insurance and other insurance
or self-insurance. Subject to any limits of liability that
may apply, all shares will be equal until the loss is
paid. If any insurance or self-insurance is exhausted,
the shares of all remaining insurance will be equal
until the loss is paid.
F. Payments You Must Make
You are responsible for any payments in excess of the
benefits regularly provided by the workers
compensation law including those required because:
1. of your serious and willful misconduct;
2. you knowingly employ an employee in violation of
law;
3. you fail to comply with a health or safety law or
regulation; or
4. you discharge, coerce or otherwise discriminate
against any employee in violation of the workers
compensation law.
If we make any payments in excess of the benefits
regularly provided by the workers compensation law
on your behalf, you will reimburse us promptly.
G. Recovery From Others
We have your rights, and the rights of persons entitled
to the benefits of this insurance, to recover our
payments from anyone liable for the injury.
You will do everything necessary to protect those
rights for us and to help us enforce them.
H. Statutory Provisions
These statements apply where they are required by
law.
1. As between an injured worker and us, we have
notice of the injury when you have notice.
2. Your default or the bankruptcy or insolvency of
you or your estate will not relieve us of our duties
under this insurance after an injury occurs.
3. We are directly and primarily liable to any person
entitled to the benefits payable by this insurance.
Those persons may enforce our duties; so may
an agency authorized by law. Enforcement may
be against you and us.
4. Jurisdiction over you is jurisdiction over us for
purposes of the workers compensation law. We
are bound by decisions against you under that
law, subject to the provisions of this policy that
are not in conflict with that law.
5. This insurance conforms to the parts of the
workers compensation law that apply to:
a. benefits payable by this insurance;
b. special taxes, payments into security or other
special funds, and assessments payable by
us under that law.
6. Terms of this insurance that conflict with the
workers compensation law are changed by this
statement to conform to that law.
Nothing in these paragraphs relieves you of your duties
under this policy.
PART TWO - EMPLOYERS LIABILITY INSURANCE
A. How This Insurance Applies
This employers liability insurance applies to bodily
injury by accident or bodily injury by disease. Bodily
injury includes resulting death.
1. The bodily injury must arise out of and in the
course of the injured employee's employment by
you.
2. 3. 4. The employment must be necessary or incidental
to your work in a state or territory listed in Item
3.A. of the Information Page.
Bodily injury by accident must occur during the
policy period.
Bodily injury by disease must be caused or
aggravated by the conditions of your
employment. The employee's last day of last
Form WC 00 00 00 C Printed in U.S.A. Page 2 of 6
exposure to the conditions causing or aggravating
such bodily injury by disease must occur during
the policy period.
5. If you are sued, the original suit and any related
legal actions for damages for bodily injury by
accident or by disease must be brought in the
United States of America, its territories or
possessions, or Canada.
B. We Will Pay
We will pay all sums that you legally must pay as
damages because of bodily injury to your employees,
provided the bodily injury is covered by this Employers
Liability Insurance.
The damages we will pay, where recovery is permitted
by law, include damages:
1. For which you are liable to a third party by reason
of a claim or suit against you by that third party to
recover the damages claimed against such third
party as a result of injury to your employee;
2. 3. For care and loss of services; and
For consequential bodily injury to a spouse, child,
parent, brother or sister of the injured employee;
provided that these damages are the direct
consequence of bodily injury that arises out of and
in the course of the injured employee's
employment by you; and
4. Because of bodily injury to your employee that
arises out of and in the course of employment,
claimed against you in a capacity other than as
employer.
C. Exclusions
This insurance does not cover:
1. Liability assumed under a contract. This exclusion
does not apply to a warranty that your work will be
done in a workmanlike manner;
2. Punitive or exemplary damages because of bodily
injury to an employee employed in violation of law;
3. Bodily injury to an employee while employed in
violation of law with your actual knowledge or the
actual knowledge of any of your executive officers;
4. Any obligation imposed by a workers com-
pensation, occupational disease, unemployment
compensation, or disability benefits law, or any
similar law;
5. Bodily injury intentionally caused or aggravated by
you;
6. Bodily injury occurring outside the United States of
America, its territories or possessions, and Canada.
Form WC 00 00 00 C Printed in U.S.A. This exclusion does not apply to bodily injury to a
citizen or resident of the United States of America
or Canada who is temporarily outside these
countries;
7. Damages arising out of coercion, criticism,
demotion, evaluation, reassignment, discipline,
defamation, harassment, humiliation, dis-
crimination against or termination of any
employee, or any personnel practices, policies,
acts or omissions;
8. Bodily injury to any person in work subject to the
Longshore and Harbor Workers' Compensation
Act (33 U.S.C. Sections 901 et seq.), the
Noappropriated Fund Instrumentalities Act (5
U.S.C. Sections 8171 et seq.), the Outer
Continental Shelf Lands Act (43 U.S.C. Sections
1331 et seq.), the Defense Base Act (42 U.S.C.
Sections 1651-1654), the Federal Mine Safety
and Health Act (30 U.S.C. Sections 801 et seq.
and 901-944) any other federal workers or
workmen's compensation law or other federal
occupational disease law, or any amendments to
these laws;
9. Bodily injury to any person in work subject to the
Federal Employers' Liability Act (45 U.S.C.
Sections 51 et seq.), any other federal laws
obligating an employer to pay damages to an
employee due to bodily injury arising out of or in
the course of employment, or any amendments
to those laws;
10. Bodily injury to a master or member of the crew
of any vessel, and does not cover punitive
damages related to your duty or obligation to
provide transportation, wages, maintenance, and
cure under any applicable maritime law;
11. Fines or penalties imposed for violation of federal
or state law; and
12. Damages payable under the Migrant and
Seasonal Agricultural Worker Protection Act (29
U.S.C. Sections 1801 et seq.) and under any
other federal law awarding damages for violation
of those laws or regulations issued thereunder,
and any amendments to those laws.
D. We Will Defend
We have the right and duty to defend, at our expense,
any claim, proceeding or suit against you for damages
payable by this insurance. We have the right to
investigate and settle these claims, proceedings and
suits.
Page 3 of 6
We have no duty to defend a claim, proceeding or suit
that is not covered by this insurance. We have no
duty to defend or continue defending after we have
paid our applicable limit of liability under this
insurance.
E. We Will Also Pay
We will also pay these costs, in addition to other
amounts payable under this insurance, as part of any
claim, proceeding or suit we defend:
1. Reasonable expenses incurred at our request, but
not loss of earnings;
2. Premiums for bonds to release attachments and
for appeal bonds in bond amounts up to the limit
of our liability under this insurance;
3. 4. Litigation costs taxed against you;
Interest on a judgment as required by law until we
offer the amount due under this insurance; and
5. Expenses we incur.
F. Other Insurance
We will not pay more than our share of damages and
costs covered by this insurance and other insurance
or self-insurance. Subject to any limits of liability that
apply, all shares will be equal until the loss is paid. If
any insurance or self-insurance is exhausted, the
shares of all remaining insurance and self-insurance
will be equal until the loss is paid.
G. Limits of Liability
Our liability to pay for damages is limited. Our limits of
liability are shown in Item 3.B. of the Information Page.
They apply as explained below.
1. Bodily Injury by Accident. The limit shown for
''bodily injury by accident each accident'' is the
most we will pay for all damages covered by this
insurance because of bodily injury to one or more
employees in any one accident.
A disease is not bodily injury by accident unless it
results directly from bodily injury by accident.
2. Bodily Injury by Disease. The limit shown for
''bodily injury by disease policy limit'' is the most
we will pay for all damages covered by this
insurance and arising out of bodily injury by
disease, regardless of the number of employees
who sustain bodily injury by disease. The limit
shown for ''bodily injury by disease each
employee'' is the most we will pay for all
damages because of bodily injury by disease to
any one employee.
Bodily injury by disease does not include disease
that results directly from a bodily injury by
accident.
3. We will not pay any claims for damages after we
have paid the applicable limit of our liability under
this insurance.
H. Recovery From Others
We have your rights to recover our payment from
anyone liable for an injury covered by this insurance.
You will do everything necessary to protect those
rights for us and to help us enforce them.
I. Actions Against Us
There will be no right of action against us under this
insurance unless:
1. You have complied with all the terms of this
policy; and
2. The amount you owe has been determined with
our consent or by actual trial and final judgment.
This insurance does not give anyone the right to add
us as a defendant in an action against you to
determine your liability. The bankruptcy or
insolvency of you or your estate will not relieve us of
our obligations under this Part.
A. How This Insurance Applies
1. This other states insurance applies only if one or
more states are shown in Item 3.C. of the
Information Page.
2. If you begin work in any one of those states after
the effective date of this policy and are not insured
or are not self-insured for such work, all provisions
of the policy will apply as though that state were
PART THREE - OTHER STATES INSURANCE
3. 4. listed in Item 3.A. of the Information Page.
We will reimburse you for the benefits required by
the workers compensation law of that state if we
are not permitted to pay the benefits directly to
persons entitled to them.
If you have work on the effective date of this
policy in any state not listed in Item 3.A. of the
Form WC 00 00 00 C Printed in U.S.A. Page 4 of 6
Information Page, coverage will not be afforded for
that state unless we are notified within thirty days.
B. Notice
Tell us at once if you begin work in any state listed in
Item 3.C. of the Information Page.
PART FOUR - YOUR DUTIES IF INJURY OCCURS
Tell us at once if injury occurs that may be covered by
this policy. Your other duties are listed here.
1. Provide for immediate medical and other services
required by the workers compensation law.
2. Give us or our agent the names and addresses of
the injured persons and of witnesses, and other
information we may need.
3. Promptly give us all notices, demands and legal
papers related to the injury, claim, proceeding or
suit.
4. Cooperate with us and assist us, as we may
request, in the investigation, settlement or
defense of any claim, proceeding or suit.
5. Do nothing after an injury occurs that would
interfere with our right to recover from others.
6. Do not voluntarily make payments, assume
obligations or incur expenses, except at your own
cost.
PART FIVE - PREMIUM
A. Our Manuals
All premium for this policy will be determined by our
manuals of rules, rates, rating plans and
classifications. We may change our manuals and
apply the changes to this policy if authorized by law or
a governmental agency regulating this insurance.
B. Classifications
Item 4 of the Information Page shows the rate and
premium basis for certain business or work
classifications. These classifications were assigned
based on an estimate of the exposures you would
have during the policy period. If your actual
exposures are not properly described by those
classifications, we will assign proper classifications,
rates and premium basis by endorsement to this
policy.
C. Remuneration
Premium for each work classification is determined by
multiplying a rate times a premium basis.
Remuneration is the most common premium basis.
This premium basis includes payroll and all other
remuneration paid or payable during the policy period
for the services of:
1. All your officers and employees engaged in work
covered by this policy; and
2. all other persons engaged in work that could
make us liable under Part One (Workers
Compensation Insurance) of this policy. If you do
not have payroll records for these persons, the
contract price for their services and materials
may be used as the premium basis. This
paragraph 2 will not apply if you give us proof
that the employers of these persons lawfully
secured their workers compensation obligations.
D. Premium Payments
You will pay all premium when due. You will pay the
premium even if part or all of a workers
compensation law is not valid.
E. Final Premium
The premium shown on the Information Page,
schedules, and endorsements is an estimate. The
final premium will be determined after this policy ends
by using the actual, not the estimated, premium basis
and the proper classifications and rates that lawfully
apply to the business and work covered by this
policy. If the final premium is more than the premium
you paid to us, you must pay us the balance. If it is
less, we will refund the balance to you. The final
premium will not be less than the highest minimum
premium for the classifications covered by this policy.
Form WC 00 00 00 C Printed in U.S.A. Page 5 of 6
If this policy is cancelled, final premium will be
determined in the following way unless our manuals
provide otherwise:
1. If we cancel, final premium will be calculated pro
rata based on the time this policy was in force.
Final premium will not be less than the pro rata
share of the minimum premium.
2. If you cancel, final premium will be more than pro
rata; it will be based on the time this policy was in
force, and increased by our short rate cancellation
table and procedure. Final premium will not be
less than the minimum premium.
F. Records
You will keep records of information needed to
compute premium. You will provide us with copies of
those records when we ask for them.
G. Audit
You will let us examine and audit all your records that
relate to this policy. These records include ledgers,
journals, registers, vouchers, contracts, tax reports,
payroll and disbursement records, and programs for
storing and retrieving data. We may conduct the
audits during regular business hours during the policy
period and within three years after the policy period
ends. Information developed by audit will be used to
determine final premium. Insurance rate service
organizations have the same rights we have under
this provision.
PART SIX - CONDITIONS
A. Inspection
We have the right, but are not obligated to inspect
your workplaces at any time. Our inspections are not
safety inspections. They relate only to the insurability
of the workplaces and the premiums to be charged.
We may give you reports on the conditions we find.
We may also recommend changes. While they may
help reduce losses, we do not undertake to perform
the duty of any person to provide for the health or
safety of your employees or the public. We do not
warrant that your workplaces are safe or healthful or
that they comply with laws, regulations, codes or
standards. Insurance rate service organizations have
the same rights we have under this provision.
B. Long Term Policy
If the policy period is longer than one year and sixteen
days, all provisions of this policy will apply as though a
new policy were issued on each annual anniversary
that this policy is in force.
C. Transfer of Your Rights and Duties
Your rights or duties under this policy may not be
transferred without our written consent.
If you die and we receive notice within thirty days after
your death, we will cover your legal representative as
insured.
D. Cancellation
1. You may cancel this policy. You must mail or
deliver advance written notice to us stating when
the cancellation is to take effect.
2. We may cancel this policy. We must mail or
deliver to you not less than ten days advance
written notice stating when the cancellation is to
take effect. Mailing that notice to you at your
mailing address shown in Item 1 of the
Information Page will be sufficient to prove
notice.
3. The policy period will end on the day and hour
stated in the cancellation notice.
4. Any of these provisions that conflict with a law
that controls the cancellation of the insurance in
this policy is changed by this statement to comply
with that law.
E. Sole Representative
The insured first named in Item 1 of the Information
Page will act on behalf of all insureds to change this
policy, receive return premium, and give or receive
notice of cancellation.
Form WC 00 00 00 C Printed in U.S.A. Page 6 of 6
THIS ENDORSEMENT CHANGES THE POLICY. PLEASE READ IT CAREFULLY.
PREMIUM DUE DATE ENDORSEMENT
Policy Number: Endorsement Number:
Effective Date: Named Insured and Address:
Effective hour is the same as stated on the Information Page of the policy.
Section D of Part Five of the policy is replaced by this provision:
PART FIVE
PREMIUM
D. Premium is amended to read:
You will pay all premium when due. You will pay the
premium even if part or all of a workers compensation
law is not valid. The due date for audit and
retrospective premiums is the date of the billing.
Countersigned by
Authorized Representative
Form WC 00 04 19 Printed in U.S.A.
Process Date: Policy Expiration Date:
THIS ENDORSEMENT CHANGES THE POLICY. PLEASE READ IT CAREFULLY.
TERRORISM RISK INSURANCE PROGRAM REAUTHORIZATION ACT
DISCLOSURE ENDORSEMENT
Policy Number: Endorsement Number:
Effective Date: Named Insured and Address:
Effective hour is the same as stated on the Information Page of the policy.
This endorsement addresses the requirements of the
Terrorism Risk Insurance Act of 2002 as amended and
extended by the Terrorism Risk Insurance Program
Reauthorization Act of 2015. It serves to notify you of
certain limitations under the Act, and that your insurance
carrier is charging premium for losses that may occur in
the event of an Act of Terrorism.
Your policy provides coverage for workers compensation
losses caused by Acts of Terrorism, including workers
compensation benefit obligations dictated by state law.
Coverage for such losses is still subject to all terms,
definitions, exclusions, and conditions in your policy, and
any applicable federal and/or state laws, rules, or
regulations.
Definitions
The definitions provided in this endorsement are based
on and have the same meaning as the definitions in the
Act. If words or phrases not defined in this endorsement
are defined in the Act, the definitions in the Act will
apply.
""Act"" means the Terrorism Risk Insurance Act of 2002,
which took effect on November 26, 2002, and any
amendments thereto, including any amendments
resulting from the Terrorism Risk Insurance Program
Reauthorization Act of 2015.
""Act of Terrorism"" means any act that is certified by the
Secretary of the Treasury, in consultation with the
Secretary of Homeland Security, and the Attorney
General of the United States as meeting all of the
following requirements:
a. The act is an act of terrorism.
b. The act is violent or dangerous to human life,
property or infrastructure.
c. The act resulted in damage within the United States,
or outside of the United States in the case of the
premises of United States missions or certain air
carriers or vessels.
d. The act has been committed by an individual or
individuals as part of an effort to coerce the civilian
population of the United States or to influence the
policy or affect the conduct of the United States
Government by coercion.
""Insured Loss"" means any loss resulting from an act of
terrorism (and, except for Pennsylvania, including an act
of war, in the case of workers compensation) that is
covered by primary or excess property and casualty
insurance issued by an insurer if the loss occurs in the
United States or at the premises of United States
missions or to certain air carriers or vessels.
""Insurer Deductible"" means, for the period beginning on
January 1, 2015, and ending on December 31, 2020, an
amount equal to 20% of our direct earned premiums,
during the immediately preceding calendar year.
Form WC 00 04 22 B Printed in U.S.A.
Process Date:
Page 1 of 2
Policy Expiration Date:
Limitation of Liability
The Act limits our liability to you under this policy. If
aggregate Insured Losses exceed $100,000,000,000 in
a calendar year and if we have met our Insurer
Deductible, we are not liable for the payment of any
portion of the amount of Insured Losses that exceeds
$100,000,000,000; and for aggregate Insured Losses up
to $100,000,000,000, we will pay only a pro rata share of
such Insured Losses as determined by the Secretary of
the Treasury.
Policyholder Disclosure Notice
1. Insured Losses would be partially reimbursed by the
United States Government. If the aggregate industry
Insured Losses exceed:
a. $100,000,000, with respect to such Insured
Losses occurring in calendar year 2015, the
United States Government would pay 85% of
our Insured Losses that exceed our Insurer
Deductible.
b. $120,000,000, with respect to such Insured
Losses occurring in calendar year 2016, the
United States Government would pay 84% of
our Insured Losses that exceed our Insurer
Deductible.
c. $140,000,000, with respect to such Insured
Losses occurring in calendar year 2017, the
United States Government would pay 83% of
our Insured Losses that exceed our Insurer
Deductible.
d. $160,000,000, with respect to such Insured
Losses occurring in calendar year 2018, the
United States Government would pay 82% of
our Insured Losses that exceed our Insurer
Deductible.
e. $180,000,000, with respect to such Insured
Losses occurring in calendar year 2019, the
United States Government would pay 81% of
our Insured Losses that exceed our Insurer
Deductible.
f. $200,000,000, with respect to such Insured
Losses occurring in calendar year 2020, the
United States Government would pay 80% of
our Insured Losses that exceed our Insurer
Deductible.
2. Notwithstanding item 1 above, the United States
Government will not make any payment under the
Act for any portion of Insured Losses that exceed
$100,000,000,000.
3. The premium charge for the coverage your policy
provides for Insured Losses is included in the
amount shown in Item 4 of the Information Page or
in the Schedule below.
Schedule
State Rate Premium
See Attached Schedule
Form WC 00 04 22 B Printed in U.S.A. Page 2 of 2
THIS ENDORSEMENT CHANGES THE POLICY. PLEASE READ IT CAREFULLY.
CATASTROPHE (OTHER THAN CERTIFIED ACTS OF TERRORISM)
PREMIUM ENDORSEMENT
Policy Number: Endorsement Number:
Effective Date: Named Insured and Address:
Effective hour is the same as stated on the Information Page of the policy.
This endorsement is notification that your insurance
carrier is charging premium to cover the losses that
may occur in the event of a Catastrophe (other than
Certified Acts of Terrorism) as that term is defined
below. Your policy provides coverage for workers
compensation losses caused by a Catastrophe (other
than Certified Acts of Terrorism). This premium
charge does not provide funding for Certified Acts of
Terrorism contemplated under the Terrorism Risk
Insurance Program Reauthorization Act Disclosure
Endorsement (WC 00 04 22 B), attached to this
policy.
For purposes of this endorsement, the following
definitions apply:
o Catastrophe (other than Certified Acts of
Terrorism): Any single event, resulting from an
Earthquake, Noncertified Act of Terrorism, or
Catastrophic Industrial Accident, which results in
aggregate workers compensation losses in
excess of $50 million.
o Earthquake: The shaking and vibration at the
surface of the earth resulting from underground
movement along a fault plane or from volcanic
activity.
o Noncertified Act of Terrorism: An event that is not
certified as an Act of Terrorism by the Secretary
of Treasury pursuant to the Terrorism Risk Insurance
Act of 2002 (as amended) but that meets all of the
following criteria:
a. It is an act that is violent or dangerous to human
life, property, or infrastructure;
b. The act results in damage within the United
States, or outside of the United States in the case
of the premises of United States missions or air
carriers or vessels as those terms are defined in
the Terrorism Risk Insurance Act of 2002 (as
amended); and
c. It is an act that has been committed by an
individual or individuals as part of an effort to
coerce the civilian population of the United States
or to influence the policy or affect the conduct of
the United States Government by coercion.
o Catastrophic Industrial Accident: A chemical release,
large explosion, or small blast that is localized in
nature and affects workers in a small perimeter the
size of a building.
The premium charge for the coverage your policy
provides for workers compensation losses caused by a
Catastrophe (other than Certified Acts of Terrorism) is
shown in Item 4 of the Information Page or in the
Schedule below.
Schedule
State Rate Premium
Form WC 00 04 21 D Printed in U.S.A.
Process Date: Policy Expiration Date:
THIS ENDORSEMENT CHANGES THE POLICY. PLEASE READ IT CAREFULLY.
NOTIFICATION OF CHANGE IN OWNERSHIP
ENDORSEMENT
Policy Number: Endorsement Number:
Effective Date: Named Insured and Address:
Effective hour is the same as stated on the Information Page of the policy.
Experience rating is mandatory for all eligible insureds. The experience rating modification factor, if any, applicable to this
policy, may change if there is a change in your ownership or in that of one or more of the entities eligible to be combined
with you for experience rating purposes. Change in ownership includes sales, purchases, other transfers, mergers,
consolidations, dissolutions, formations of a new entity and other changes provided for in the applicable experience rating
plan manual.
You must report any change in ownership to us in writing within 90 days of such change. Failure to report such changes
within this period may result in revision of the experience rating modification factor used to determine your premium.
Countersigned by
Authorized Representative
Form WC 00 04 14 Printed in U.S.A.
Process Date: Policy Expiration Date:
POLICY ADJUSTMENT NOTICE
The premium we charged for your enclosed Hartford policy was based, in part, on estimates and assumptions related to
items such as payroll, sales revenue, and the nature of business operations for the policy period shown. When your
coverage period expires, a premium audit will be conducted to ensure the premium you paid for your insurance was
accurate. In order to complete the premium audit, when your policy coverage period expires you may receive, via e-mail
or US Postal mail, a request to complete an ""Insured's Report of Exposure"" Form. Alternatively, you may receive notice
that a Premium Audit representative will be contacting you to review your records and discuss your business operations
over the phone or in person. The purpose of the statement, phone call or visit is for the Premium Audit Department to
collect the information required to ensure that the premium you paid for your coverage was accurate.
Once the audit is complete, you will receive a Statement of Premium Adjustment which will reflect the amount of your
policy auditable premium, and will indicate whether you are owed a refund or if additional premium is due for the policy
period shown.
If we owe you a return premium, The Hartford will apply the refund amount to any current account balance. If your
account is paid in full, or if your refund amount is greater than the current account balance, we will issue
you a refund check. You can expect to receive this check within the next 30 days.
If you owe us an additional premium, the entire amount will appear as due and payable on your next bill. This amount
will appear as ""Premium Audit"" on your bill.
If you have any questions regarding the Premium Audit process, please call your insurance agent.
Thank you for doing business with The Hartford.
Form G-3058-1 Printed in U.S.A.
PRODUCER COMPENSATION NOTICE
You can review and obtain information on The Hartford’s producer compensation practices at
www.TheHartford.com or at 1-800-592-5717.
Form G-3418-0
Reporting a Work-Related Injury is Time Sensitive!
Call The Hartford’s LossConnect immediately to report a claim.
1-800-327-3636
Available 24 hours a day, 365 days a year.
The Benefits of Timely Loss Reporting:
Research has shown that faster loss reporting significantly affects loss costs. The sooner we are notified, the sooner we
can investigate the accident and coordinate with you, the injured employee, and the medical team to ensure the fastest
possible return to health and work.
The Effect of Timely Reporting on Controlling the Cost of Your Loss:
Statutory requirements also necessitate the prompt initial reporting of the accident causing
injury or death. Failure to comply may result in a fineable offense by the State.
Average Loss for Closed Claims
(Accident Years 2002-2005)
Report Lag in Days Percent Change in Loss Costs
Compared to First Week Report
Incident Day -6%
Week 1 0%
Week 2 13%
Week 3 or 4 16%
1 Month or Later 24%
Information You’ll Need
Company Information
o Account Number
o Location Code (if applicable)
o Parent Company (or program name)
o Policy Number
Worker Information
o Name, DOB, Address, Phone
o Social Security Number
o Age, Gender
o Marital Status, Number of Dependants
o Hire Date, Years in Current Position
o Wage Information
Incident Information
o Type of injury (burn, cut, etc.)?
o Exact body part injured?
o What caused the accident?
o Any reason to question the injury?
o Any witnesses?
o Address where injury occurred?
o Where was the injured employee treated? (Provide
name, address, phone of medical provider.)
o When was the accident reported to you and by
whom (date, time)?
Network Providers
A listing of more than 400,000 network providers qualified to treat work-related injuries is available online at
www.talispoint.com/hartext or by calling our Network Referral Unit at 1-800-327-3636 (select 4 at the prompt). Since
network referrals are often impacted by state specific rules, please call to learn how to maximize our network capabilities
on behalf of your employees.
Form WC 66 03 84 Printed in U.S.A.
Customer Privacy Notice
The Hartford Financial Services Group, Inc. and Affiliates*
(herein called ""we, our, and us"")
This Privacy Policy applies to our United States Operations
We value your trust. We are committed to the
responsible:
a) management;
b) use; and
c) protection;
of Personal Information.
This notice describes how we collect, disclose, and
protect Personal Information.
We collect Personal Information to:
a) service your Transactions with us; and
b) support our business functions.
We may obtain Personal Information from:
a) You;
b) c) your Transactions with us; and
third parties such as a consumer-reporting agency.
Based on the type of product or service You apply for or
get from us, Personal Information such as:
a) your name;
b) your address;
c) your income;
d) your payment; or
e) your credit history;
may be gathered from sources such as applications,
Transactions, and consumer reports.
To serve You and service our business, we may share
certain Personal Information. We will share Personal
Information, only as allowed by law, with affiliates such
as:
a) our insurance companies;
b) our employee agents;
c) our brokerage firms; and
d) our administrators.
As allowed by law, we may share Personal Financial
Information with our affiliates to:
a) market our products; or
b) market our services;
to You without providing You with an option to prevent
these disclosures.
We may also share Personal Information, only as
allowed by law, with unaffiliated third parties including:
a) independent agents;
b) brokerage firms;
c) insurance companies;
d) administrators; and
e) service providers;
who help us serve You and service our business.
When allowed by law, we may share certain Personal
Financial Information with other unaffiliated third
parties who assist us by performing services or functions
such as:
a) taking surveys;
b) marketing our products or services; or
c) offering financial products or services under a joint
agreement between us and one or more financial
institutions.
We, and third parties we partner with, may track some of
the pages You visit through the use of:
a) cookies;
b) pixel tagging; or
c) other technologies;
and currently do not process or comply with any web
browser’s ""do not track"" signal or other similar
mechanism that indicates a request to disable online
tracking of individual users who visit our websites or use
our services.
For more information, our Online Privacy Policy, which
governs information we collect on our website and our
affiliate websites, is available at
https://www.thehartford.com/online-privacy-policy.
We will not sell or share your Personal Financial
Information with anyone for purposes unrelated to our
business functions without offering You the opportunity
to:
a) ""opt-out;"" or
b) ""opt-in;""
as required by law.
We only disclose Personal Health Information with:
a) b) your proper written authorization; or
as otherwise allowed or required by law.
Our employees have access to Personal Information in
the course of doing their jobs, such as:
a) underwriting policies;
b) paying claims;
c) developing new products; or
d) advising customers of our products and services.
Form WC 66 03 30 J Printed in U.S.A. Page 1 of 2
We use manual and electronic security procedures to
maintain:
a) the confidentiality; and
b) the integrity of;
Personal Information that we have. We use these
procedures to guard against unauthorized access.
Some techniques we use to protect Personal
Information include:
a) secured files;
b) user authentication;
c) encryption;
d) firewall technology; and
e) the use of detection software.
We are responsible for and must:
a) b) c) identify information to be protected;
provide an adequate level of protection for that data;
grant access to protected data only to those people
who must use it in the performance of their job-
related duties.
Employees who violate our privacy policies and
procedures may be subject to discipline, which may
include termination of their employment with us.
We will continue to follow our Privacy Policy regarding
Personal Information even when a business
relationship no longer exists between us.
As used in this Privacy Notice:
Application means your request for our product or
service.
Personal Financial Information means financial
information such as:
a) credit history;
b) income;
c) financial benefits; or
d) policy or claim information.
Personal Financial Information may include Social
Security Numbers, Driver's license numbers, or other
government-issued identification numbers, or credit,
debit card, or bank account numbers.
Personal Health Information means health information
such as:
a) your medical records; or
b) information about your illness, disability or injury.
Personal Information means information that identifies
You personally and is not otherwise available to the
public. It includes:
a) Personal Financial Information; and
b) Personal Health Information.
Transaction means your business dealings with us,
such as:
a) your Application;
b) your request for us to pay a claim; and
c) your request for us to take an action on your
account.
You means an individual who has given us Personal
Information in conjunction with:
a) asking about;
b) applying for; or
c) obtaining;
a financial product or service from us if the product or
service is used mainly for personal, family, or household
purposes.
This Customer Privacy Policy is being provided on behalf of The Hartford Financial Services Group, Inc. and its affiliates, to the extent
required by the Gramm-Leach-Bliley Act and implementing regulations.
1stAGChoice, Inc.; Access CoverageCorp, Inc.; Access CoverageCorp Technologies, Inc.; American Maturity Life Insurance Company;
Archway 60 R, LLC; Business Management Group, Inc.; DMS R, LLC; First State Insurance Company; Fountain Investors I LLC;
Fountain Investors II LLC; Fountain Investors III LLC; Fountain Investors IV LLC; FP R, LLC (Delaware); FTC Resolution Company
LLC; Hart Re Group L.L.C.; Hartford Accident and Indemnity Company; Hartford Administrative Services Company; Hartford Casualty
General Agency, Inc.; Hartford Casualty Insurance Company; Hartford Financial Services, LLC; Hartford Fire General Agency, Inc.;
Hartford Fire Insurance Company; Hartford Funds Distributors, LLC; Hartford Funds Management Company, LLC; Hartford Funds
Management Group, Inc.; Hartford Group Benefits Holding Company; Hartford Holdings, Inc.; Hartford HLS Series Fund II, Inc.;
Hartford Insurance Company of Illinois; Hartford Insurance Company of the Midwest; Hartford Insurance Company of the Southeast;
Hartford Integrated Technologies, Inc.; Hartford International Life Reassurance Corporation; Hartford Investment Management
Company; Hartford Life and Accident Insurance Company; Hartford Life and Annuity Insurance Company; Hartford Life Insurance
Company; Hartford Life, Inc.; Hartford Life International Holding Company; Hartford Life Private Placement, LLC; Hartford Lloyd's
Corporation; Hartford Lloyd's Insurance Company; Hartford of Texas General Agency, Inc.; Hartford Residual Market, L.C.C.; Hartford
Securities Distribution Company, Inc.; Hartford Series Fund, Inc.; Hartford Specialty Insurance Services of Texas, LLC; Hartford
Strategic Investments, LLC; Hartford Underwriters General Agency, Inc.; Hartford Underwriters Insurance Company; Hartford-
Comprehensive Employee Benefit Service Company; HDC R, LLC; Heritage Holdings, Inc.; HIMCO Distribution Services Company;
HIMCO Variable Insurance Trust; HLA LLC; HL Investment Advisors, LLC; Horizon Management Group, LLC; HRA Brokerage
Services, Inc.; Lanidex Class B, LLC; Lanidex R, LLC (Delaware); Lattice Strategies LLC; Maxum Casualty Insurance Company;
Maxum Indemnity Company; Maxum Specialty Services Corporation; MPC Resolution Company LLC; New England Insurance
Company; New England Reinsurance Corporation; Northern Homelands Company; Nutmeg Insurance Agency, Inc.; Nutmeg Insurance
Company; Pacific Insurance Company, Limited; Property and Casualty Insurance Company of Hartford; Sentinel Insurance Company,
Ltd.; Trumbull Flood Management, L.L.C.; Trumbull Insurance Company; Twin City Fire Insurance Company.
Form WC 66 03 30 J Printed in U.S.A. Page 2 of 2
POLICY NUMBER:
Our President and Secretary have signed this policy. Where required by law, the Information Page has been
countersigned by our duly authorized representative.
Includes copyrighted material of the National Council on Compensation Insurance, used with its permission.
© 2000 National Council on Compensation Insurance.
DELAWARE:
Delaware forms have been copyrighted by the Delaware Compensation Rating Bureau or the Pennsylvania
Compensation Rating Bureau.
NEW JERSEY:
New Jersey forms have been copyrighted by the Compensation Rating and Inspection Bureau.
NEW YORK:
New York forms have been copyrighted by the New York Compensation Insurance Rating Board.
PENNSYLVANIA:
Pennsylvania forms have been copyrighted by the Pennsylvania Compensation Rating Bureau or the Delaware
Compensation Rating Bureau."
POL123456789,John Doe,2022-03-20,2024-03-20,"Insurance Board Program Sample Workers' Compensation Insurance Policy. This is
optional coverage and requires a separate policy. This is a SAMPLE POLICY ONLY.
Workers’ Compensation
and Employers’ Liability
Business Insurance Policy
Form WC 99 00 02 (03/14) Page 1 of 1
Insurance Policy Billing Information
Thank you for selecting The Hartford for your business insurance needs.
Shortly, you will receive your first bill from us. You are receiving this Notice so you know what
to expect as a valued customer of The Hartford. Should you have any questions after
reviewing this information, please contact us at 866-467-8730, and we will be happy to assist
you.
o Your total policy premium will appear on your policy’s Declarations Page. You will be billed based on the payment plan
you selected.
o You may pay the ""minimum due"" as it appears on your insurance bill or pay the policy balance in full.
o An installment service fee is added to each installment. A late fee will also be applied if the ""minimum due"" is not
received by the due date shown on your bill. Service and late payment fees do not apply in all states.
o If you selected installment billing, any credit or additional premium due as the result of a change made to your policy,
will be spread over the remaining billing installments. Additional premium due as a result of an audit will be billed in full
on your next bill date following the completion of the audit.
o If you elected Electronic Funds Transfer (EFT), policy changes may result in changes to the amount automatically
withdrawn from your bank account. The invoice you receive following a policy change will include future withdrawal
amounts. If you need to adjust or stop your next scheduled EFT withdrawal, please contact us at least 3 days prior to
the scheduled withdrawal date at the telephone number shown below.
o If you selected installment billing and pay the premiums for your first policy term on time, at renewal, your account may
qualify for our ""Equal Installment"" feature. This means that the percentage due for each installment, including the initial
renewal installment, will be the same throughout the policy term – helping you better manage cash flow. Equal
installments will continue as long as you pay your premiums on time and no cancellation notices are issued for any
policy on your account. If you no longer qualify for Equal Installments, future renewals will be billed based on the
payment plan you selected, which includes a higher initial installment amount.
o If your policy is eligible for renewal, your bill for the upcoming policy term will be sent to you approximately 30 days
prior to your policy’s renewal date. If your insurance needs change, please contact us at least 60 days prior to your
renewal date so we can properly address any adjustments needed.
o One bill convenience-- you have the option of combining all eligible Hartford policies on one single bill allowing you
to make one payment for all policies on your account as payments are due.
You’re In Control
In addition to selecting a bill plan option that best meets your budget, you have the flexibility to decide how your payments
are made …
o Repetitive EFT: Sign up for Repetitive EFT payments and have payments automatically withdrawn from your bank
account. This option saves you money by reducing the amount of the installment service fee.
o Pay Online: Register at www.thehartford.com/servicecenter. Online Bill Pay is Quick, Easy and Secure!
o Pay by Check: Send a check with your remittance stub in the envelope provided with your bill.
o Pay by Phone: Call toll-free 1-866-467-8730.
Should you have any questions about your bill, please call Customer Service toll-free number:
1-866-467-8730 - 7AM – 7PM CST. We look forward to being of service to you.
Form 100722 11th Rev. Printed in U.S.A.
Policy Number Policy Effective Date
Dear Hartford Insured,
Re: An Important Message to Workers Compensation Policyholders
The control of workplace accidents and injuries should be among the highest priorities of your
firm. Each accident wastes precious human and financial resources, and introduces
inefficiencies into your operations. From a practical standpoint, the control of accidents, and
their inevitable costs, simply makes good business sense.
An effective risk engineering program can save you money and aggravation, can positively
impact your loss experience (and thus your premium), and most importantly, can help you
maintain solid control of your operations.
As a service to you, our valued customer, the Risk Engineering Department of The Hartford in
cooperation with your independent agent, can assist you in establishing risk engineering
strategies. If you would like assistance, please complete and return to us the reply portion of
this brochure, or contact your independent agent.
Services Available
The following is a description of some of the services that we provide. The types of
services that may be appropriate for your business depend upon the nature and size of
your operations and the specific risk engineering services you have requested. The
cost of risk engineering services may or may not be a part of your insurance premium.
This depends on the extent of the requested services, agreements stated in your
insurance policy and program, and statutory regulations that may require us to provide
risk engineering services.
1) Reference Materials – Information about risk engineering topics that can be provided or
made available to you to help you to enhance your risk engineering program.
2) Telephone Consultation – We can hold a teleconference with you to help you to evaluate
your risk engineering program, identify areas for improvement, and recommend ways to
implement such improvements.
3) Onsite Consultation – This consists of visiting your premises and helping you to assess
and remedy your risk engineering needs onsite. This level of service is usually only
appropriate for larger, higher hazard operations. The following are examples of some of
the services that could be provided onsite:
o A review of your safety program to determine its adequacy and recommend
modifications to that plan where needed.
Form 97485 16th Rev. Printed in U.S.A. Process Date: Policy Expiration Date:
Page 1 of 6
o Specific hazard evaluations, including ergonomics, industrial hygiene or material
handling.
o An initial survey and evaluation to address potential safety and health hazards.
o Consultation to help management establish a comprehensive loss prevention Program.
o Periodic summaries of accidents and analysis of causes.
o Follow-up visits to check on progress and to provide continuing assistance when
required.
A Word About OSHA
The Occupational Safety and Health Act of 1970 and similarly approved State Plans require
employers to provide their employees with safe and healthful places to work. The Occupational
Safety and Health Administration (OSHA) of the U.S. Department of Labor and similar State
agencies enforce the regulations and apply penalties (civil and criminal) for non-compliance.
New standards have been developed, and through application and interpretation, standards
change. You should make yourself aware of the standards that are applicable to your
operations, and assure yourself that reasonable efforts are made to be in compliance. Copies
of the standards are available through most libraries, or can be obtained through OSHA or the
U.S. Government Printing Office.
You should know that neither The Hartford, nor any other party, can fulfill your obligations under the Law.
Questions related to your legal obligations should be referred to your legal counsel.
Some Safety Reminders from The Hartford:
Have you considered:
o The need to formalize your safety efforts to assure compliance and document your
efforts?
o The need to acquire Material Safety Data Sheets on all hazardous materials and the
need for training on appropriate safety measures for your employees?
o Requirements for record keeping of injuries, illnesses, and exposure to hazardous
substances?
o Assessing each job task to determine hazards and needed controls?
o Measuring each exposure to hazardous substances to determine the need for control or
personal protective equipment?
o What mechanisms are in place to periodically verify that exposure controls (guards,
ventilation systems, etc.) are still in place and working?
o What specific training your employees and your supervisors need to avoid hazards in
the workplace?
o What specific OSHA standards apply to your business?
Form 97485 16th Rev. Printed in U.S.A. Page 2 of 6
o What mechanism exists to promptly investigate all accidents and ‘near-misses’ to limit
the chance of another occurrence?
o The financial impact an injury or illness has on your business?
o What resources are available to you to help prevent accidents and illnesses?
Thank you for your business.
Sincerely,
The Hartford's Risk Engineering Department
Form 97485 16th Rev. Printed in U.S.A. Page 3 of 6
THIS BROCHURE IS PROVIDED FOR INFORMATIONAL PURPOSES ONLY. IT IS NOT
INTENDED TO BE A SUBSTITUTE FOR A COMPLETE ON-SITE SAFETY INSPECTION
CONDUCTED BY A QUALIFIED RISK ENGINEERING SPECIALIST. READERS ARE
ENCOURAGED TO HAVE SUCH AN INSPECTION CONDUCTED BOTH TO PROMOTE
WORKPLACE SAFETY AND TO COMPLY WITH APPLICABLE LAW.
FOR ADDITIONAL INFORMATION OR ASSISTANCE, EITHER TELEPHONE OR MAIL
THIS FORM TO YOUR HARTFORD AGENT OR NEAREST OFFICE OF THE HARTFORD
NOTICE TO ARKANSAS POLICYHOLDERS
The Hartford is required by law to provide its policyholders with certain accident prevention services at
no additional cost as required by ARK. Code Ann. §11-9-409(D) and Rule 32. If you would like more
information, call The Hartford’s Risk Engineering Department, One Hartford Plaza, T-7, Hartford, CT 06155
at 1-866-586-0467. If you have any questions about this requirement, call the Health and Safety Division,
Arkansas Workers’ Compensation Commission at 1-800-622-4472.
NOTICE TO CALIFORNIA POLICYHOLDERS
The Hartford is required by law to provide its policyholders with certain occupational safety and health risk
engineering consultation services as required by the California Labor Code, §6354.5, at no additional
charge. If you would like more information call The Hartford’s Risk Engineering Department at 1-866-586-
0467 for occupational safety and health risk engineering consultation services.
California Workers Compensation insurance policyholders may register comments about the insurer’s risk
engineering consultation service by writing to:
State of California
Department of Industrial Relations
Division of Occupational Safety and Health
P.O. Box 420603
San Francisco, California 94142
NOTICE TO PENNSYLVANIA POLICYHOLDERS
The Hartford maintains and provides accident and illness prevention services as required by the nature of
the policyholder's business or its operation, in accordance with the Pennsylvania Workers'
Compensation Act. For more information about these services contact your Hartford Agent or nearest
office of The Hartford.
Form 97485 16th Rev. Printed in U.S.A. Page 4 of 6
NOTICE TO TEXAS POLICYHOLDERS
Pursuant to Texas Labor Code §411.066, The Hartford is required to notify its policyholders that accident
prevention services are available from The Hartford at no additional charge. These services may include
surveys, recommendations, training programs, consultations, analyses of accident causes, industrial
hygiene and industrial health services.
The Hartford is also required to provide return-to-work coordination services as required by Texas Labor
Code §413.021 and to notify you of the availability of the return-to-work reimbursement program for
employers under Texas Labor Code §413.022.
If you would like more information, contact The Hartford at 1-866-586-0467 and email
contactriskengineering@thehartford.com for accident prevention services or 1-877-952-9222 and email
CentralClaimCenter.WCEDM@thehartford.com for return-to-work coordination services.
For information about these requirements call the Texas Department of Insurance, Division of Workers’
Compensation (TDI-DWC) at 1-800-687-7080 or for information about the return-to-work reimbursement
program for employers call the TDI-DWC at 1-512-804-5000.
If The Hartford fails to respond to your request for accident prevention services or return-to-work
coordination services, you may file a complaint with the TDI-DWC in writing at http://www.tdi.texas.gov or
by mail to Texas Department of Insurance, Division of Workers’ Compensation, MS-8, at 7551 Metro
Center Drive, Austin, Texas 78744-1645.
Form 97485 16th Rev. Printed in U.S.A. Page 5 of 6
To The Hartford’s Risk Engineering Department:
Yes – I am interested in obtaining information concerning:
General Topics Business Continuity Construction
Accident Analysis Business Travel Safety Construction Site Consultation
Accident Investigations Contingency Planning Overview Construction Equipment Hazards
Establishing a Risk Engineering
Program
Emergency/Disaster Response Hazard Communication
Hazard Recognition Emergency Evacuation Drills Ladders & Scaffolds
Safety Committees Emergency Preparedness Planning Trenching & Evacuation
Fall Protection
Ergonomics Industrial Hygiene Property
Back Injury Prevention Hazard Communication Automatic Sprinkler System
Computer Workstation Industrial Hygiene (general) Flammable Liquids
Cumulative Trauma Disorders Indoor Air Quality Fire Prevention and Protection
Ergo Train-the-Trainer Noise Exposures Fire Drill and Evacuation
Telecommuting Respiratory Protection Hot Work Permit Program
Transportation Workers’ Compensation Other Topics
3-D Driver Training Bloodborne Pathogens Business Risk Management
Driving Defensively Drug Screening General Liability Investigations
Fleet Newsletter Machine Safeguarding Product Liability Programs
Guide to Successful Driver Mgmt Return to Work Programs Safety Training
School Bus Driving Tips Slip and Falls Security/Terrorism
Name
Company Policy #
Address
City & State Zip Code
Email Address: Telephone
For more information on the above, you can visit our website at
https://www.thehartford.com/riskengineering
Or you may forward your request to:
Fax line: 1-860-723-4459
Or mail to:
The Hartford Financial Services Group
Risk Engineering Department
One Hartford Plaza, T-7
Hartford, CT 06155
Form 97485 16th Rev. Printed in U.S.A. Page 6 of 6
MAINTAINING YOUR RECORDS
FOR AUDIT PURPOSES
WHAT IS A PREMIUM ADJUSTMENT?
When your Workers' Compensation policy was issued you
paid a deposit premium based on the nature of your
business and estimates of your payroll. At the end of the
policy period, we conduct an audit to compare the
estimates against the actual figures and operations.
Based on this comparison an adjustment is made. If the
actual premium is less than what you already have paid, a
refund will be made. If it's more, you will be billed for the
difference. These adjustments are subject to any minimum
premiums that apply.
HOW WILL THE PREMIUM ADJUSTMENT BE MADE?
On smaller, less complex operations we may e-mail you,
call you, or mail you a request to ask you to provide the
information via our online web-based portal, mail or
telephone. If we require this information, we will provide
an electronic link to, or a paper copy of, the necessary
forms for you to complete.
On larger, more complex operations one of our Premium
Auditors will contact you for an appointment. You will be
contacted either by e-mail, telephone or mail. If directed,
the auditor will contact your accountant to obtain as much
information as possible and contact you at a later time for
additional information that may be needed.
BASIS OF PREMIUM
Remuneration (Payroll) in most states, includes:
Payment of: Wages, bonuses, commissions,
overtime,* sick pay, vacation pay,* tool
allowances, contributions to individual
retirement accounts, employee
contributions to employee benefit plans.
Payments on
basis of: Piece work, incentive plans, profit sharing.
The value of: Housing furnished to employees,* meals
furnished to employees,* store certificates,
merchandise and other dollar substitutes.
Remuneration does not include:
a. Employer contributions to a group insurance or
pension plan other than statutory plans of insurance.
b. Special awards for individual inventions or
discoveries.
c. Overtime.*
Subcontractors. In the absence of other insurance, most
state laws hold a contractor responsible for injuries to
employees of subcontractors. At the time of audit
Certificates of Insurance must be available for
subcontractors with employees, in order to avoid payment
of premium.
Independent Contractors, without employees, whose
duties closely resemble those of an employee, will be
considered your employee with the appropriate premium
charged.
The actual working relationship between you and the
Independent Contractor is examined. Items such as, but
not limited to: whether the work performed is an integral
part of your operations, whether you have the right to
control the details of the work, the method of payment,
who supplied the materials used, does the person
regularly work for others, whose regulatory authority did
person operate under, whether the person is involved in a
separate and distinct business offering the same services
to the public.
RECORDS
As part of the policy conditions, we are allowed to
examine your financial books and records to determine
actual exposures and operations. We would appreciate
your cooperation in making the needed records available
for the auditor's inspection.
What Records Will Be Needed?
The records needed will vary. In most cases, the Premium
Auditor will be able to obtain the necessary audit data
from two or more of the following records: Journals,
Ledgers, State and Federal Tax Reports, Individual
Earning Cards, Checkbooks and Contracts.
Form 98456 5th Rev. 12-13 Printed in U.S.A. Page 1 of 2
How You Should Keep Your Records
By maintaining your payroll records in accordance with the
following guidelines, you might reduce your insurance
costs.
Overtime. In most states, the amount paid in excess of
straight time pay can be deducted if it can be verified in
your records. You must maintain your records to show
pay separately by employee and in summary by
classification of work.
*Division of an employee's payroll to more than one
classification is not allowed in most states.
Exception: For construction, erection or stevedoring
operations the payroll of an employee may be allocated to
each type of work performed if proper records are kept.
Your records must show the number of hours and amount
of payroll for each type of work. If you do not keep such a
breakdown, the full salary must be charged to the highest
rated classification to which the employee is exposed.
Executive Officers in most states are considered
employees of their corporation and included in the
computation of premium. Their remuneration is assigned
without division to the actual operation in which they are
engaged. If their duties are the same as those of a
worker, foreman or superintendent, their payroll is
assigned to the classification that develops the highest
payroll. Minimum and maximum payrolls apply to
executive officers.
Automated Records. If your records are automated or
you plan to automate in the near future you can obtain
maximum benefits by setting up your records to include
insurance requirements. Our Premium Auditor will be
pleased to assist you in setting up your records. Contact
your Hartford Representative if you would like this
assistance.
NOTE: The contents of this publication are not intended
to supersede any definitions or conditions of your policy,
the Workers' Compensation Law or any legal rulings.
*Your state may have specific rules or exceptions.
Please contact your Hartford Representative for details
that may apply and answer questions you may have.
Form 98456 5th Rev. 12-13 Printed in U.S.A. Page 2 of 2
IMPORTANT NOTICE TO POLICYHOLDERS
DISCLOSURE PURSUANT TO TERRORISM RISK
INSURANCE ACT
A. Disclosure Of Premium
In accordance with the federal Terrorism Risk
Insurance Act, as amended (TRIA), we are
required to provide you with a notice disclosing the
portion of your premium, if any, attributable to
coverage for ""certified acts of terrorism"" under
TRIA. The charge for terrorism is shown in Item 4
of the Information Page or on the Schedule. The
rate for terrorism will apply as of the effective date
of your policy. The terrorism rates are subject to
change at any time based on state regulatory
action.
B. The following definition is added with respect to
the provisions of this endorsement:
1. A ""certified act of terrorism"" means an act that
is certified by the Secretary of the Treasury, in
accordance with the provisions of TRIA, to be
an act of terrorism under TRIA. The criteria
contained in TRIA for a ""certified act of
terrorism"" include the following:
a. The act results in insured losses in
excess of $5 million in the aggregate,
attributable to all types of insurance
subject to TRIA; and
b. The act results in damage within the
United States, or outside the United
States in the case of certain air carriers
or vessels or the premises of an United
States mission; and
c. The act is a violent act or an act that is
dangerous to human life, property or
infrastructure and is committed by an
individual or individuals as part of an
effort to coerce the civilian population of
the United States or to influence the
policy or affect the conduct of the United
States Government by coercion.
Calendar Year Federal Share of
Terrorism Losses
2015 85%
2016 84%
2017 83%
2018 82%
2019 81%
2020 or later 80%
C. Disclosure Of Federal Share Of Terrorism
Losses Under TRIA
The United States Department of the Treasury will
reimburse insurers for a portion of such insured
losses as indicated in the table below that exceeds
the applicable insurer deductible:
However, if aggregate insured losses attributable
to ""certified acts of terrorism"" under TRIA exceed
$100 billion in a calendar year, the Treasury shall
not make any payment for any portion of the
amount of such losses that exceeds $100 billion.
The United States Government has not charged
any premium for their participation in covering
terrorism losses.
D. Cap On Insurer Liability for Terrorism Losses
Under TRIA
If aggregate insured losses attributable to ""certified
acts of terrorism"" under TRIA exceed $100 billion
in a calendar year and we have met, or will meet,
our insurer deductible under TRIA we shall not be
liable for the payment of any portion of the amount
of such losses that exceeds $100 billion. In such
case, your coverage for terrorism losses may be
reduced on a pro-rata basis in accordance with
procedures established by the Treasury, based on
its estimates of aggregate industry losses
Form WC 66 03 37 H Printed in U.S.A. Page 1 of 2
and our estimate that we will exceed our insurer
deductible. In accordance with Treasury
procedures, amounts paid for losses may be
subject to further adjustments based on
differences between actual losses and estimates.
E. All other terms and conditions remain the
same.
Form WC 66 03 37 H Printed in U.S.A. Page 2 of 2
(Policy Provisions: WC000000C)
INFORMATION PAGE
WORKERS COMPENSATION AND EMPLOYERS LIABILITY POLICY
INSURER: The Sentinel Insurance Company
ONE HARTFORD PLAZA HARTFORD CT 06155
NCCI Company Number:
Company Code: A
Suffix
LARS RENEWAL
POLICY NUMBER:
Previous Policy Number:
1. Named Insured and Mailing Address:
(No., Street, Town, State, Zip Code)
FEIN Number:
State Identification Number(s):
Producer’s Name: The Named Insured is: Corporation
Business of Named Insured: Religious Organizations
Other workplaces not shown above:
2. Policy Period: From To
12:01 a.m., Standard time at the insured's mailing address.
UNITED CHURCH INSURANCE SERVICES
700 PROSPECT AVENUE
CLEVELAND OH 44115
Producer’s Code: 45456282
Issuing Office: THE HARTFORD BUSINESS SERVICE CENTER
3600 WISEMAN BLVD
SAN ANTONIO TX 78251
(877) 853-2582
Total Estimated Annual Premium:
Deposit Premium:
Policy Minimum Premium:
Audit Period: ANNUAL Installment Term:
The policy is not binding unless countersigned by our authorized representative.
Countersigned by
Authorized Representative Date
Form WC 00 00 01 A (1) Printed in U.S.A. Page 1 (Continued on next page)
Process Date: Policy Expiration Date:
INFORMATION PAGE (Continued) Policy Number:
3. A. Workers Compensation Insurance: Part one of the policy applies to the Workers Compensation Law of the states
listed here:
B. Employers Liability Insurance: Part Two of the policy applies to work in each state listed in Item 3.A.
The limits of our liability under Part Two are:
Bodily injury by Accident $1,000,000 each accident
Bodily injury by Disease $1,000,000 policy limit
Bodily injury by Disease $1,000,000 each employee
C. Other States Insurance: Part Three of the policy applies to the states, if any , listed here:
ALL STATES EXCEPT NORTH DAKOTA, OHIO, WASHINGTON, WYOMING, U.S.TERRITORIES AND STATES
DESIGNATED IN ITEM 3.A. OF THE INFORMATION PAGE.
D. This policy includes these endorsements and schedule:
4. The premium for this policy will be determined by our Manuals of Rules, Classifications, Rates and Rating
Plans. All information required below is subject to verification and change by audit.
Premium Basis
Classifications
Code Number and
Total Estimated
Annual
Rates Per
$100 of
Estimated
Annual
Description Remuneration Remuneration Premium
Terrorism Risk Insurance Program Reauthorization Act Disclosure Endorsement
Catastrophe (Other Than Certified Acts Of Terrorism)
Other Miscellaneous State Premiums
Estimated Annual Premium (before Surcharges)
Total Estimated Surcharges
*See the attached Schedule(s) of Operations for Location and State Level Premium Information
Total Estimated Annual Premium:
Deposit Premium:
Policy Minimum Premium:
Interstate/Intrastate Identification Number:
Labor Contractors Policy Number: NAICS: 813110
SIC: 8661
Form WC 00 00 01 A (1) Printed in U.S.A. Page 2
Process Date: Policy Expiration Date:
WORKERS COMPENSATION AND EMPLOYERS LIABILITY INSURANCE POLICY
QUICK REFERENCE
Beginning Beginning
on Page on Page
INFORMATION PAGE PART TWO - Continued
1 G. Limits of Liability .............................................. 4
General Section.............................................................. 1 H. Recovery From Others..................................... 4
A. The Policy............................................................... 1 I. Actions Against Us........................................... 4
B. Who Is Insured....................................................... 1
C. Workers Compensation Law.................................. 1 PART THREE - OTHER STATES INSURANCE 4
D. State....................................................................... 1 A. How This Insurance Applies............................. 4
E. Locations................................................................ 1 B. Notice............................................................... 5
PART ONE - WORKERS COMPENSATION INSURANCE... 1 PART FOUR - YOUR DUTIES IF INJURY OCCURS..... 5
A. How This Insurance Applies................................... 1
B. We Will Pay............................................................ 1 PART FIVE - PREMIUM............................................... 5
C. We Will Defend....................................................... 1 A. Our Manuals..................................................... 5
D. We Will Also Pay.................................................... 1 B. Classifications.................................................. 5
E. Other Insurance...................................................... 2 C. Remuneration................................................... 5
F. Payments You Must Make...................................... 2 D. Premium Payments.......................................... 5
G. Recovery From Others........................................... 2 E. Final Premium.................................................. 5
H. Statutory Provisions................................................ 2 F. Records............................................................ 6
G. Audit................................................................. 6
PART TWO - EMPLOYERS LIABILITY INSURANCE...... 2
A. How This Insurance Applies................................... 2 PART SIX - CONDITIONS....................................... 6
B. We will Pay............................................................. 3 A. Inspection......................................................... 6
C. Exclusions.............................................................. 3 B. Long Term Policy............................................. 6
D. We Will Defend....................................................... 3 C. Transfer of Your Rights and Duties.................. 6
E. We Will Also Pay.................................................... 4 D. Cancellation..................................................... 6
F. Other Insurance...................................................... 4 E. Sole Representative......................................... 6
IMPORTANT: This Quick Reference is not part of the Workers Compensation and Employers Liability Policy and does
not provide coverage. Refer to the Workers Compensation and Employers Liability Policy itself for
actual contractual provisions.
PLEASE READ THE WORKERS COMPENSATION AND EMPLOYERS LIABILITY POLICY CAREFULLY.
Form WC 66 01 56 B Process Date: 11/22/18 Printed in U.S.A.
Policy Expiration Date: 01/01/20
WORKERS COMPENSATION AND EMPLOYERS
LIABILITY INSURANCE POLICY
In return for the payment of the premium and subject to all terms of this policy, we agree with you as follows:
GENERAL SECTION
A. The Policy
This policy includes at its effective date the
Information Page and all endorsements and schedules
listed there. It is a contract of insurance between you
(the employer named in Item 1 of the Information
Page) and us (the insurer named on the Information
Page). The only agreements relating to this insurance
are stated in this policy. The terms of this policy may
not be changed or waived except by endorsement
issued by us to be part of this policy.
B. Who Is Insured
You are insured if you are an employer named in Item
1 of the Information Page. If that employer is a
partnership, and if you are one of its partners, you are
insured, but only in your capacity as an employer of
the partnership's employees.
C. Workers Compensation Law
Workers Compensation Law means the workers or
workmen's compensation law and occupational disease
law of each state or territory named in Item 3.A. of the
Information Page. It includes any amendments to
that law which are in effect during the policy period. It
does not include any federal workers or workmen's
compensation law, any federal occupational disease
law or the provisions of any law that provide
nonoccupational disability benefits.
D. State
State means any state of the United States of
America, and the District of Columbia.
E. Locations
This policy covers all of your workplaces listed in
Items 1 or 4 of the Information Page; and it covers all
other workplaces in Item 3.A. states unless you have
other insurance or are self-insured for such
workplaces.
A. How This Insurance Applies
This workers compensation insurance applies to
bodily injury by accident or bodily injury by disease.
Bodily injury includes resulting death.
1. Bodily injury by accident must occur during the
policy period.
2. Bodily injury by disease must be caused or
aggravated by the conditions of your employment.
The employee's last day of last exposure to the
conditions causing or aggravating such bodily
injury by disease must occur during the policy
period.
B. We Will Pay
We will pay promptly when due the benefits required
of you by the workers compensation law.
PART ONE - WORKERS COMPENSATION INSURANCE
C. We Will Defend
We have the right and duty to defend at our expense
any claim, proceeding or suit against you for benefits
payable by this insurance. We have the right to
investigate and settle these claims, proceedings or
suits.
We have no duty to defend a claim, proceeding or
suit that is not covered by this insurance.
D. We Will Also Pay
We will also pay these costs, in addition to other
amounts payable under this insurance, as part of any
claim, proceeding or suit we defend:
1. reasonable expenses incurred at our request, but
not loss of earnings;
Form WC 00 00 00 C Printed in U.S.A. Process Date: 11/22/18 Page 1 of 6
Policy Expiration Date: 01/01/20
2. premiums for bonds to release attachments and
for appeal bonds in bond amounts up to the
amount payable under this insurance;
3. 4. litigation costs taxed against you;
interest on a judgment as required by law until we
offer the amount due under this insurance; and
5. expenses we incur.
E. Other Insurance
We will not pay more than our share of benefits and
costs covered by this insurance and other insurance
or self-insurance. Subject to any limits of liability that
may apply, all shares will be equal until the loss is
paid. If any insurance or self-insurance is exhausted,
the shares of all remaining insurance will be equal
until the loss is paid.
F. Payments You Must Make
You are responsible for any payments in excess of the
benefits regularly provided by the workers
compensation law including those required because:
1. of your serious and willful misconduct;
2. you knowingly employ an employee in violation of
law;
3. you fail to comply with a health or safety law or
regulation; or
4. you discharge, coerce or otherwise discriminate
against any employee in violation of the workers
compensation law.
If we make any payments in excess of the benefits
regularly provided by the workers compensation law
on your behalf, you will reimburse us promptly.
G. Recovery From Others
We have your rights, and the rights of persons entitled
to the benefits of this insurance, to recover our
payments from anyone liable for the injury.
You will do everything necessary to protect those
rights for us and to help us enforce them.
H. Statutory Provisions
These statements apply where they are required by
law.
1. As between an injured worker and us, we have
notice of the injury when you have notice.
2. Your default or the bankruptcy or insolvency of
you or your estate will not relieve us of our duties
under this insurance after an injury occurs.
3. We are directly and primarily liable to any person
entitled to the benefits payable by this insurance.
Those persons may enforce our duties; so may
an agency authorized by law. Enforcement may
be against you and us.
4. Jurisdiction over you is jurisdiction over us for
purposes of the workers compensation law. We
are bound by decisions against you under that
law, subject to the provisions of this policy that
are not in conflict with that law.
5. This insurance conforms to the parts of the
workers compensation law that apply to:
a. benefits payable by this insurance;
b. special taxes, payments into security or other
special funds, and assessments payable by
us under that law.
6. Terms of this insurance that conflict with the
workers compensation law are changed by this
statement to conform to that law.
Nothing in these paragraphs relieves you of your duties
under this policy.
PART TWO - EMPLOYERS LIABILITY INSURANCE
A. How This Insurance Applies
This employers liability insurance applies to bodily
injury by accident or bodily injury by disease. Bodily
injury includes resulting death.
1. The bodily injury must arise out of and in the
course of the injured employee's employment by
you.
2. 3. 4. The employment must be necessary or incidental
to your work in a state or territory listed in Item
3.A. of the Information Page.
Bodily injury by accident must occur during the
policy period.
Bodily injury by disease must be caused or
aggravated by the conditions of your
employment. The employee's last day of last
Form WC 00 00 00 C Printed in U.S.A. Page 2 of 6
exposure to the conditions causing or aggravating
such bodily injury by disease must occur during
the policy period.
5. If you are sued, the original suit and any related
legal actions for damages for bodily injury by
accident or by disease must be brought in the
United States of America, its territories or
possessions, or Canada.
B. We Will Pay
We will pay all sums that you legally must pay as
damages because of bodily injury to your employees,
provided the bodily injury is covered by this Employers
Liability Insurance.
The damages we will pay, where recovery is permitted
by law, include damages:
1. For which you are liable to a third party by reason
of a claim or suit against you by that third party to
recover the damages claimed against such third
party as a result of injury to your employee;
2. 3. For care and loss of services; and
For consequential bodily injury to a spouse, child,
parent, brother or sister of the injured employee;
provided that these damages are the direct
consequence of bodily injury that arises out of and
in the course of the injured employee's
employment by you; and
4. Because of bodily injury to your employee that
arises out of and in the course of employment,
claimed against you in a capacity other than as
employer.
C. Exclusions
This insurance does not cover:
1. Liability assumed under a contract. This exclusion
does not apply to a warranty that your work will be
done in a workmanlike manner;
2. Punitive or exemplary damages because of bodily
injury to an employee employed in violation of law;
3. Bodily injury to an employee while employed in
violation of law with your actual knowledge or the
actual knowledge of any of your executive officers;
4. Any obligation imposed by a workers com-
pensation, occupational disease, unemployment
compensation, or disability benefits law, or any
similar law;
5. Bodily injury intentionally caused or aggravated by
you;
6. Bodily injury occurring outside the United States of
America, its territories or possessions, and Canada.
Form WC 00 00 00 C Printed in U.S.A. This exclusion does not apply to bodily injury to a
citizen or resident of the United States of America
or Canada who is temporarily outside these
countries;
7. Damages arising out of coercion, criticism,
demotion, evaluation, reassignment, discipline,
defamation, harassment, humiliation, dis-
crimination against or termination of any
employee, or any personnel practices, policies,
acts or omissions;
8. Bodily injury to any person in work subject to the
Longshore and Harbor Workers' Compensation
Act (33 U.S.C. Sections 901 et seq.), the
Noappropriated Fund Instrumentalities Act (5
U.S.C. Sections 8171 et seq.), the Outer
Continental Shelf Lands Act (43 U.S.C. Sections
1331 et seq.), the Defense Base Act (42 U.S.C.
Sections 1651-1654), the Federal Mine Safety
and Health Act (30 U.S.C. Sections 801 et seq.
and 901-944) any other federal workers or
workmen's compensation law or other federal
occupational disease law, or any amendments to
these laws;
9. Bodily injury to any person in work subject to the
Federal Employers' Liability Act (45 U.S.C.
Sections 51 et seq.), any other federal laws
obligating an employer to pay damages to an
employee due to bodily injury arising out of or in
the course of employment, or any amendments
to those laws;
10. Bodily injury to a master or member of the crew
of any vessel, and does not cover punitive
damages related to your duty or obligation to
provide transportation, wages, maintenance, and
cure under any applicable maritime law;
11. Fines or penalties imposed for violation of federal
or state law; and
12. Damages payable under the Migrant and
Seasonal Agricultural Worker Protection Act (29
U.S.C. Sections 1801 et seq.) and under any
other federal law awarding damages for violation
of those laws or regulations issued thereunder,
and any amendments to those laws.
D. We Will Defend
We have the right and duty to defend, at our expense,
any claim, proceeding or suit against you for damages
payable by this insurance. We have the right to
investigate and settle these claims, proceedings and
suits.
Page 3 of 6
We have no duty to defend a claim, proceeding or suit
that is not covered by this insurance. We have no
duty to defend or continue defending after we have
paid our applicable limit of liability under this
insurance.
E. We Will Also Pay
We will also pay these costs, in addition to other
amounts payable under this insurance, as part of any
claim, proceeding or suit we defend:
1. Reasonable expenses incurred at our request, but
not loss of earnings;
2. Premiums for bonds to release attachments and
for appeal bonds in bond amounts up to the limit
of our liability under this insurance;
3. 4. Litigation costs taxed against you;
Interest on a judgment as required by law until we
offer the amount due under this insurance; and
5. Expenses we incur.
F. Other Insurance
We will not pay more than our share of damages and
costs covered by this insurance and other insurance
or self-insurance. Subject to any limits of liability that
apply, all shares will be equal until the loss is paid. If
any insurance or self-insurance is exhausted, the
shares of all remaining insurance and self-insurance
will be equal until the loss is paid.
G. Limits of Liability
Our liability to pay for damages is limited. Our limits of
liability are shown in Item 3.B. of the Information Page.
They apply as explained below.
1. Bodily Injury by Accident. The limit shown for
''bodily injury by accident each accident'' is the
most we will pay for all damages covered by this
insurance because of bodily injury to one or more
employees in any one accident.
A disease is not bodily injury by accident unless it
results directly from bodily injury by accident.
2. Bodily Injury by Disease. The limit shown for
''bodily injury by disease policy limit'' is the most
we will pay for all damages covered by this
insurance and arising out of bodily injury by
disease, regardless of the number of employees
who sustain bodily injury by disease. The limit
shown for ''bodily injury by disease each
employee'' is the most we will pay for all
damages because of bodily injury by disease to
any one employee.
Bodily injury by disease does not include disease
that results directly from a bodily injury by
accident.
3. We will not pay any claims for damages after we
have paid the applicable limit of our liability under
this insurance.
H. Recovery From Others
We have your rights to recover our payment from
anyone liable for an injury covered by this insurance.
You will do everything necessary to protect those
rights for us and to help us enforce them.
I. Actions Against Us
There will be no right of action against us under this
insurance unless:
1. You have complied with all the terms of this
policy; and
2. The amount you owe has been determined with
our consent or by actual trial and final judgment.
This insurance does not give anyone the right to add
us as a defendant in an action against you to
determine your liability. The bankruptcy or
insolvency of you or your estate will not relieve us of
our obligations under this Part.
A. How This Insurance Applies
1. This other states insurance applies only if one or
more states are shown in Item 3.C. of the
Information Page.
2. If you begin work in any one of those states after
the effective date of this policy and are not insured
or are not self-insured for such work, all provisions
of the policy will apply as though that state were
PART THREE - OTHER STATES INSURANCE
3. 4. listed in Item 3.A. of the Information Page.
We will reimburse you for the benefits required by
the workers compensation law of that state if we
are not permitted to pay the benefits directly to
persons entitled to them.
If you have work on the effective date of this
policy in any state not listed in Item 3.A. of the
Form WC 00 00 00 C Printed in U.S.A. Page 4 of 6
Information Page, coverage will not be afforded for
that state unless we are notified within thirty days.
B. Notice
Tell us at once if you begin work in any state listed in
Item 3.C. of the Information Page.
PART FOUR - YOUR DUTIES IF INJURY OCCURS
Tell us at once if injury occurs that may be covered by
this policy. Your other duties are listed here.
1. Provide for immediate medical and other services
required by the workers compensation law.
2. Give us or our agent the names and addresses of
the injured persons and of witnesses, and other
information we may need.
3. Promptly give us all notices, demands and legal
papers related to the injury, claim, proceeding or
suit.
4. Cooperate with us and assist us, as we may
request, in the investigation, settlement or
defense of any claim, proceeding or suit.
5. Do nothing after an injury occurs that would
interfere with our right to recover from others.
6. Do not voluntarily make payments, assume
obligations or incur expenses, except at your own
cost.
PART FIVE - PREMIUM
A. Our Manuals
All premium for this policy will be determined by our
manuals of rules, rates, rating plans and
classifications. We may change our manuals and
apply the changes to this policy if authorized by law or
a governmental agency regulating this insurance.
B. Classifications
Item 4 of the Information Page shows the rate and
premium basis for certain business or work
classifications. These classifications were assigned
based on an estimate of the exposures you would
have during the policy period. If your actual
exposures are not properly described by those
classifications, we will assign proper classifications,
rates and premium basis by endorsement to this
policy.
C. Remuneration
Premium for each work classification is determined by
multiplying a rate times a premium basis.
Remuneration is the most common premium basis.
This premium basis includes payroll and all other
remuneration paid or payable during the policy period
for the services of:
1. All your officers and employees engaged in work
covered by this policy; and
2. all other persons engaged in work that could
make us liable under Part One (Workers
Compensation Insurance) of this policy. If you do
not have payroll records for these persons, the
contract price for their services and materials
may be used as the premium basis. This
paragraph 2 will not apply if you give us proof
that the employers of these persons lawfully
secured their workers compensation obligations.
D. Premium Payments
You will pay all premium when due. You will pay the
premium even if part or all of a workers
compensation law is not valid.
E. Final Premium
The premium shown on the Information Page,
schedules, and endorsements is an estimate. The
final premium will be determined after this policy ends
by using the actual, not the estimated, premium basis
and the proper classifications and rates that lawfully
apply to the business and work covered by this
policy. If the final premium is more than the premium
you paid to us, you must pay us the balance. If it is
less, we will refund the balance to you. The final
premium will not be less than the highest minimum
premium for the classifications covered by this policy.
Form WC 00 00 00 C Printed in U.S.A. Page 5 of 6
If this policy is cancelled, final premium will be
determined in the following way unless our manuals
provide otherwise:
1. If we cancel, final premium will be calculated pro
rata based on the time this policy was in force.
Final premium will not be less than the pro rata
share of the minimum premium.
2. If you cancel, final premium will be more than pro
rata; it will be based on the time this policy was in
force, and increased by our short rate cancellation
table and procedure. Final premium will not be
less than the minimum premium.
F. Records
You will keep records of information needed to
compute premium. You will provide us with copies of
those records when we ask for them.
G. Audit
You will let us examine and audit all your records that
relate to this policy. These records include ledgers,
journals, registers, vouchers, contracts, tax reports,
payroll and disbursement records, and programs for
storing and retrieving data. We may conduct the
audits during regular business hours during the policy
period and within three years after the policy period
ends. Information developed by audit will be used to
determine final premium. Insurance rate service
organizations have the same rights we have under
this provision.
PART SIX - CONDITIONS
A. Inspection
We have the right, but are not obligated to inspect
your workplaces at any time. Our inspections are not
safety inspections. They relate only to the insurability
of the workplaces and the premiums to be charged.
We may give you reports on the conditions we find.
We may also recommend changes. While they may
help reduce losses, we do not undertake to perform
the duty of any person to provide for the health or
safety of your employees or the public. We do not
warrant that your workplaces are safe or healthful or
that they comply with laws, regulations, codes or
standards. Insurance rate service organizations have
the same rights we have under this provision.
B. Long Term Policy
If the policy period is longer than one year and sixteen
days, all provisions of this policy will apply as though a
new policy were issued on each annual anniversary
that this policy is in force.
C. Transfer of Your Rights and Duties
Your rights or duties under this policy may not be
transferred without our written consent.
If you die and we receive notice within thirty days after
your death, we will cover your legal representative as
insured.
D. Cancellation
1. You may cancel this policy. You must mail or
deliver advance written notice to us stating when
the cancellation is to take effect.
2. We may cancel this policy. We must mail or
deliver to you not less than ten days advance
written notice stating when the cancellation is to
take effect. Mailing that notice to you at your
mailing address shown in Item 1 of the
Information Page will be sufficient to prove
notice.
3. The policy period will end on the day and hour
stated in the cancellation notice.
4. Any of these provisions that conflict with a law
that controls the cancellation of the insurance in
this policy is changed by this statement to comply
with that law.
E. Sole Representative
The insured first named in Item 1 of the Information
Page will act on behalf of all insureds to change this
policy, receive return premium, and give or receive
notice of cancellation.
Form WC 00 00 00 C Printed in U.S.A. Page 6 of 6
THIS ENDORSEMENT CHANGES THE POLICY. PLEASE READ IT CAREFULLY.
PREMIUM DUE DATE ENDORSEMENT
Policy Number: Endorsement Number:
Effective Date: Named Insured and Address:
Effective hour is the same as stated on the Information Page of the policy.
Section D of Part Five of the policy is replaced by this provision:
PART FIVE
PREMIUM
D. Premium is amended to read:
You will pay all premium when due. You will pay the
premium even if part or all of a workers compensation
law is not valid. The due date for audit and
retrospective premiums is the date of the billing.
Countersigned by
Authorized Representative
Form WC 00 04 19 Printed in U.S.A.
Process Date: Policy Expiration Date:
THIS ENDORSEMENT CHANGES THE POLICY. PLEASE READ IT CAREFULLY.
TERRORISM RISK INSURANCE PROGRAM REAUTHORIZATION ACT
DISCLOSURE ENDORSEMENT
Policy Number: Endorsement Number:
Effective Date: Named Insured and Address:
Effective hour is the same as stated on the Information Page of the policy.
This endorsement addresses the requirements of the
Terrorism Risk Insurance Act of 2002 as amended and
extended by the Terrorism Risk Insurance Program
Reauthorization Act of 2015. It serves to notify you of
certain limitations under the Act, and that your insurance
carrier is charging premium for losses that may occur in
the event of an Act of Terrorism.
Your policy provides coverage for workers compensation
losses caused by Acts of Terrorism, including workers
compensation benefit obligations dictated by state law.
Coverage for such losses is still subject to all terms,
definitions, exclusions, and conditions in your policy, and
any applicable federal and/or state laws, rules, or
regulations.
Definitions
The definitions provided in this endorsement are based
on and have the same meaning as the definitions in the
Act. If words or phrases not defined in this endorsement
are defined in the Act, the definitions in the Act will
apply.
""Act"" means the Terrorism Risk Insurance Act of 2002,
which took effect on November 26, 2002, and any
amendments thereto, including any amendments
resulting from the Terrorism Risk Insurance Program
Reauthorization Act of 2015.
""Act of Terrorism"" means any act that is certified by the
Secretary of the Treasury, in consultation with the
Secretary of Homeland Security, and the Attorney
General of the United States as meeting all of the
following requirements:
a. The act is an act of terrorism.
b. The act is violent or dangerous to human life,
property or infrastructure.
c. The act resulted in damage within the United States,
or outside of the United States in the case of the
premises of United States missions or certain air
carriers or vessels.
d. The act has been committed by an individual or
individuals as part of an effort to coerce the civilian
population of the United States or to influence the
policy or affect the conduct of the United States
Government by coercion.
""Insured Loss"" means any loss resulting from an act of
terrorism (and, except for Pennsylvania, including an act
of war, in the case of workers compensation) that is
covered by primary or excess property and casualty
insurance issued by an insurer if the loss occurs in the
United States or at the premises of United States
missions or to certain air carriers or vessels.
""Insurer Deductible"" means, for the period beginning on
January 1, 2015, and ending on December 31, 2020, an
amount equal to 20% of our direct earned premiums,
during the immediately preceding calendar year.
Form WC 00 04 22 B Printed in U.S.A.
Process Date:
Page 1 of 2
Policy Expiration Date:
Limitation of Liability
The Act limits our liability to you under this policy. If
aggregate Insured Losses exceed $100,000,000,000 in
a calendar year and if we have met our Insurer
Deductible, we are not liable for the payment of any
portion of the amount of Insured Losses that exceeds
$100,000,000,000; and for aggregate Insured Losses up
to $100,000,000,000, we will pay only a pro rata share of
such Insured Losses as determined by the Secretary of
the Treasury.
Policyholder Disclosure Notice
1. Insured Losses would be partially reimbursed by the
United States Government. If the aggregate industry
Insured Losses exceed:
a. $100,000,000, with respect to such Insured
Losses occurring in calendar year 2015, the
United States Government would pay 85% of
our Insured Losses that exceed our Insurer
Deductible.
b. $120,000,000, with respect to such Insured
Losses occurring in calendar year 2016, the
United States Government would pay 84% of
our Insured Losses that exceed our Insurer
Deductible.
c. $140,000,000, with respect to such Insured
Losses occurring in calendar year 2017, the
United States Government would pay 83% of
our Insured Losses that exceed our Insurer
Deductible.
d. $160,000,000, with respect to such Insured
Losses occurring in calendar year 2018, the
United States Government would pay 82% of
our Insured Losses that exceed our Insurer
Deductible.
e. $180,000,000, with respect to such Insured
Losses occurring in calendar year 2019, the
United States Government would pay 81% of
our Insured Losses that exceed our Insurer
Deductible.
f. $200,000,000, with respect to such Insured
Losses occurring in calendar year 2020, the
United States Government would pay 80% of
our Insured Losses that exceed our Insurer
Deductible.
2. Notwithstanding item 1 above, the United States
Government will not make any payment under the
Act for any portion of Insured Losses that exceed
$100,000,000,000.
3. The premium charge for the coverage your policy
provides for Insured Losses is included in the
amount shown in Item 4 of the Information Page or
in the Schedule below.
Schedule
State Rate Premium
See Attached Schedule
Form WC 00 04 22 B Printed in U.S.A. Page 2 of 2
THIS ENDORSEMENT CHANGES THE POLICY. PLEASE READ IT CAREFULLY.
CATASTROPHE (OTHER THAN CERTIFIED ACTS OF TERRORISM)
PREMIUM ENDORSEMENT
Policy Number: Endorsement Number:
Effective Date: Named Insured and Address:
Effective hour is the same as stated on the Information Page of the policy.
This endorsement is notification that your insurance
carrier is charging premium to cover the losses that
may occur in the event of a Catastrophe (other than
Certified Acts of Terrorism) as that term is defined
below. Your policy provides coverage for workers
compensation losses caused by a Catastrophe (other
than Certified Acts of Terrorism). This premium
charge does not provide funding for Certified Acts of
Terrorism contemplated under the Terrorism Risk
Insurance Program Reauthorization Act Disclosure
Endorsement (WC 00 04 22 B), attached to this
policy.
For purposes of this endorsement, the following
definitions apply:
o Catastrophe (other than Certified Acts of
Terrorism): Any single event, resulting from an
Earthquake, Noncertified Act of Terrorism, or
Catastrophic Industrial Accident, which results in
aggregate workers compensation losses in
excess of $50 million.
o Earthquake: The shaking and vibration at the
surface of the earth resulting from underground
movement along a fault plane or from volcanic
activity.
o Noncertified Act of Terrorism: An event that is not
certified as an Act of Terrorism by the Secretary
of Treasury pursuant to the Terrorism Risk Insurance
Act of 2002 (as amended) but that meets all of the
following criteria:
a. It is an act that is violent or dangerous to human
life, property, or infrastructure;
b. The act results in damage within the United
States, or outside of the United States in the case
of the premises of United States missions or air
carriers or vessels as those terms are defined in
the Terrorism Risk Insurance Act of 2002 (as
amended); and
c. It is an act that has been committed by an
individual or individuals as part of an effort to
coerce the civilian population of the United States
or to influence the policy or affect the conduct of
the United States Government by coercion.
o Catastrophic Industrial Accident: A chemical release,
large explosion, or small blast that is localized in
nature and affects workers in a small perimeter the
size of a building.
The premium charge for the coverage your policy
provides for workers compensation losses caused by a
Catastrophe (other than Certified Acts of Terrorism) is
shown in Item 4 of the Information Page or in the
Schedule below.
Schedule
State Rate Premium
Form WC 00 04 21 D Printed in U.S.A.
Process Date: Policy Expiration Date:
THIS ENDORSEMENT CHANGES THE POLICY. PLEASE READ IT CAREFULLY.
NOTIFICATION OF CHANGE IN OWNERSHIP
ENDORSEMENT
Policy Number: Endorsement Number:
Effective Date: Named Insured and Address:
Effective hour is the same as stated on the Information Page of the policy.
Experience rating is mandatory for all eligible insureds. The experience rating modification factor, if any, applicable to this
policy, may change if there is a change in your ownership or in that of one or more of the entities eligible to be combined
with you for experience rating purposes. Change in ownership includes sales, purchases, other transfers, mergers,
consolidations, dissolutions, formations of a new entity and other changes provided for in the applicable experience rating
plan manual.
You must report any change in ownership to us in writing within 90 days of such change. Failure to report such changes
within this period may result in revision of the experience rating modification factor used to determine your premium.
Countersigned by
Authorized Representative
Form WC 00 04 14 Printed in U.S.A.
Process Date: Policy Expiration Date:
POLICY ADJUSTMENT NOTICE
The premium we charged for your enclosed Hartford policy was based, in part, on estimates and assumptions related to
items such as payroll, sales revenue, and the nature of business operations for the policy period shown. When your
coverage period expires, a premium audit will be conducted to ensure the premium you paid for your insurance was
accurate. In order to complete the premium audit, when your policy coverage period expires you may receive, via e-mail
or US Postal mail, a request to complete an ""Insured's Report of Exposure"" Form. Alternatively, you may receive notice
that a Premium Audit representative will be contacting you to review your records and discuss your business operations
over the phone or in person. The purpose of the statement, phone call or visit is for the Premium Audit Department to
collect the information required to ensure that the premium you paid for your coverage was accurate.
Once the audit is complete, you will receive a Statement of Premium Adjustment which will reflect the amount of your
policy auditable premium, and will indicate whether you are owed a refund or if additional premium is due for the policy
period shown.
If we owe you a return premium, The Hartford will apply the refund amount to any current account balance. If your
account is paid in full, or if your refund amount is greater than the current account balance, we will issue
you a refund check. You can expect to receive this check within the next 30 days.
If you owe us an additional premium, the entire amount will appear as due and payable on your next bill. This amount
will appear as ""Premium Audit"" on your bill.
If you have any questions regarding the Premium Audit process, please call your insurance agent.
Thank you for doing business with The Hartford.
Form G-3058-1 Printed in U.S.A.
PRODUCER COMPENSATION NOTICE
You can review and obtain information on The Hartford’s producer compensation practices at
www.TheHartford.com or at 1-800-592-5717.
Form G-3418-0
Reporting a Work-Related Injury is Time Sensitive!
Call The Hartford’s LossConnect immediately to report a claim.
1-800-327-3636
Available 24 hours a day, 365 days a year.
The Benefits of Timely Loss Reporting:
Research has shown that faster loss reporting significantly affects loss costs. The sooner we are notified, the sooner we
can investigate the accident and coordinate with you, the injured employee, and the medical team to ensure the fastest
possible return to health and work.
The Effect of Timely Reporting on Controlling the Cost of Your Loss:
Statutory requirements also necessitate the prompt initial reporting of the accident causing
injury or death. Failure to comply may result in a fineable offense by the State.
Average Loss for Closed Claims
(Accident Years 2002-2005)
Report Lag in Days Percent Change in Loss Costs
Compared to First Week Report
Incident Day -6%
Week 1 0%
Week 2 13%
Week 3 or 4 16%
1 Month or Later 24%
Information You’ll Need
Company Information
o Account Number
o Location Code (if applicable)
o Parent Company (or program name)
o Policy Number
Worker Information
o Name, DOB, Address, Phone
o Social Security Number
o Age, Gender
o Marital Status, Number of Dependants
o Hire Date, Years in Current Position
o Wage Information
Incident Information
o Type of injury (burn, cut, etc.)?
o Exact body part injured?
o What caused the accident?
o Any reason to question the injury?
o Any witnesses?
o Address where injury occurred?
o Where was the injured employee treated? (Provide
name, address, phone of medical provider.)
o When was the accident reported to you and by
whom (date, time)?
Network Providers
A listing of more than 400,000 network providers qualified to treat work-related injuries is available online at
www.talispoint.com/hartext or by calling our Network Referral Unit at 1-800-327-3636 (select 4 at the prompt). Since
network referrals are often impacted by state specific rules, please call to learn how to maximize our network capabilities
on behalf of your employees.
Form WC 66 03 84 Printed in U.S.A.
Customer Privacy Notice
The Hartford Financial Services Group, Inc. and Affiliates*
(herein called ""we, our, and us"")
This Privacy Policy applies to our United States Operations
We value your trust. We are committed to the
responsible:
a) management;
b) use; and
c) protection;
of Personal Information.
This notice describes how we collect, disclose, and
protect Personal Information.
We collect Personal Information to:
a) service your Transactions with us; and
b) support our business functions.
We may obtain Personal Information from:
a) You;
b) c) your Transactions with us; and
third parties such as a consumer-reporting agency.
Based on the type of product or service You apply for or
get from us, Personal Information such as:
a) your name;
b) your address;
c) your income;
d) your payment; or
e) your credit history;
may be gathered from sources such as applications,
Transactions, and consumer reports.
To serve You and service our business, we may share
certain Personal Information. We will share Personal
Information, only as allowed by law, with affiliates such
as:
a) our insurance companies;
b) our employee agents;
c) our brokerage firms; and
d) our administrators.
As allowed by law, we may share Personal Financial
Information with our affiliates to:
a) market our products; or
b) market our services;
to You without providing You with an option to prevent
these disclosures.
We may also share Personal Information, only as
allowed by law, with unaffiliated third parties including:
a) independent agents;
b) brokerage firms;
c) insurance companies;
d) administrators; and
e) service providers;
who help us serve You and service our business.
When allowed by law, we may share certain Personal
Financial Information with other unaffiliated third
parties who assist us by performing services or functions
such as:
a) taking surveys;
b) marketing our products or services; or
c) offering financial products or services under a joint
agreement between us and one or more financial
institutions.
We, and third parties we partner with, may track some of
the pages You visit through the use of:
a) cookies;
b) pixel tagging; or
c) other technologies;
and currently do not process or comply with any web
browser’s ""do not track"" signal or other similar
mechanism that indicates a request to disable online
tracking of individual users who visit our websites or use
our services.
For more information, our Online Privacy Policy, which
governs information we collect on our website and our
affiliate websites, is available at
https://www.thehartford.com/online-privacy-policy.
We will not sell or share your Personal Financial
Information with anyone for purposes unrelated to our
business functions without offering You the opportunity
to:
a) ""opt-out;"" or
b) ""opt-in;""
as required by law.
We only disclose Personal Health Information with:
a) b) your proper written authorization; or
as otherwise allowed or required by law.
Our employees have access to Personal Information in
the course of doing their jobs, such as:
a) underwriting policies;
b) paying claims;
c) developing new products; or
d) advising customers of our products and services.
Form WC 66 03 30 J Printed in U.S.A. Page 1 of 2
We use manual and electronic security procedures to
maintain:
a) the confidentiality; and
b) the integrity of;
Personal Information that we have. We use these
procedures to guard against unauthorized access.
Some techniques we use to protect Personal
Information include:
a) secured files;
b) user authentication;
c) encryption;
d) firewall technology; and
e) the use of detection software.
We are responsible for and must:
a) b) c) identify information to be protected;
provide an adequate level of protection for that data;
grant access to protected data only to those people
who must use it in the performance of their job-
related duties.
Employees who violate our privacy policies and
procedures may be subject to discipline, which may
include termination of their employment with us.
We will continue to follow our Privacy Policy regarding
Personal Information even when a business
relationship no longer exists between us.
As used in this Privacy Notice:
Application means your request for our product or
service.
Personal Financial Information means financial
information such as:
a) credit history;
b) income;
c) financial benefits; or
d) policy or claim information.
Personal Financial Information may include Social
Security Numbers, Driver's license numbers, or other
government-issued identification numbers, or credit,
debit card, or bank account numbers.
Personal Health Information means health information
such as:
a) your medical records; or
b) information about your illness, disability or injury.
Personal Information means information that identifies
You personally and is not otherwise available to the
public. It includes:
a) Personal Financial Information; and
b) Personal Health Information.
Transaction means your business dealings with us,
such as:
a) your Application;
b) your request for us to pay a claim; and
c) your request for us to take an action on your
account.
You means an individual who has given us Personal
Information in conjunction with:
a) asking about;
b) applying for; or
c) obtaining;
a financial product or service from us if the product or
service is used mainly for personal, family, or household
purposes.
This Customer Privacy Policy is being provided on behalf of The Hartford Financial Services Group, Inc. and its affiliates, to the extent
required by the Gramm-Leach-Bliley Act and implementing regulations.
1stAGChoice, Inc.; Access CoverageCorp, Inc.; Access CoverageCorp Technologies, Inc.; American Maturity Life Insurance Company;
Archway 60 R, LLC; Business Management Group, Inc.; DMS R, LLC; First State Insurance Company; Fountain Investors I LLC;
Fountain Investors II LLC; Fountain Investors III LLC; Fountain Investors IV LLC; FP R, LLC (Delaware); FTC Resolution Company
LLC; Hart Re Group L.L.C.; Hartford Accident and Indemnity Company; Hartford Administrative Services Company; Hartford Casualty
General Agency, Inc.; Hartford Casualty Insurance Company; Hartford Financial Services, LLC; Hartford Fire General Agency, Inc.;
Hartford Fire Insurance Company; Hartford Funds Distributors, LLC; Hartford Funds Management Company, LLC; Hartford Funds
Management Group, Inc.; Hartford Group Benefits Holding Company; Hartford Holdings, Inc.; Hartford HLS Series Fund II, Inc.;
Hartford Insurance Company of Illinois; Hartford Insurance Company of the Midwest; Hartford Insurance Company of the Southeast;
Hartford Integrated Technologies, Inc.; Hartford International Life Reassurance Corporation; Hartford Investment Management
Company; Hartford Life and Accident Insurance Company; Hartford Life and Annuity Insurance Company; Hartford Life Insurance
Company; Hartford Life, Inc.; Hartford Life International Holding Company; Hartford Life Private Placement, LLC; Hartford Lloyd's
Corporation; Hartford Lloyd's Insurance Company; Hartford of Texas General Agency, Inc.; Hartford Residual Market, L.C.C.; Hartford
Securities Distribution Company, Inc.; Hartford Series Fund, Inc.; Hartford Specialty Insurance Services of Texas, LLC; Hartford
Strategic Investments, LLC; Hartford Underwriters General Agency, Inc.; Hartford Underwriters Insurance Company; Hartford-
Comprehensive Employee Benefit Service Company; HDC R, LLC; Heritage Holdings, Inc.; HIMCO Distribution Services Company;
HIMCO Variable Insurance Trust; HLA LLC; HL Investment Advisors, LLC; Horizon Management Group, LLC; HRA Brokerage
Services, Inc.; Lanidex Class B, LLC; Lanidex R, LLC (Delaware); Lattice Strategies LLC; Maxum Casualty Insurance Company;
Maxum Indemnity Company; Maxum Specialty Services Corporation; MPC Resolution Company LLC; New England Insurance
Company; New England Reinsurance Corporation; Northern Homelands Company; Nutmeg Insurance Agency, Inc.; Nutmeg Insurance
Company; Pacific Insurance Company, Limited; Property and Casualty Insurance Company of Hartford; Sentinel Insurance Company,
Ltd.; Trumbull Flood Management, L.L.C.; Trumbull Insurance Company; Twin City Fire Insurance Company.
Form WC 66 03 30 J Printed in U.S.A. Page 2 of 2
POLICY NUMBER:
Our President and Secretary have signed this policy. Where required by law, the Information Page has been
countersigned by our duly authorized representative.
Includes copyrighted material of the National Council on Compensation Insurance, used with its permission.
© 2000 National Council on Compensation Insurance.
DELAWARE:
Delaware forms have been copyrighted by the Delaware Compensation Rating Bureau or the Pennsylvania
Compensation Rating Bureau.
NEW JERSEY:
New Jersey forms have been copyrighted by the Compensation Rating and Inspection Bureau.
NEW YORK:
New York forms have been copyrighted by the New York Compensation Insurance Rating Board.
PENNSYLVANIA:
Pennsylvania forms have been copyrighted by the Pennsylvania Compensation Rating Bureau or the Delaware
Compensation Rating Bureau."
POL123456789,Emily Johnson,2023-01-12,2025-01-12,"Insurance Board Program Sample Workers' Compensation Insurance Policy. This is
optional coverage and requires a separate policy. This is a SAMPLE POLICY ONLY.
Workers’ Compensation
and Employers’ Liability
Business Insurance Policy
Form WC 99 00 02 (03/14) Page 1 of 1
Insurance Policy Billing Information
Thank you for selecting The Hartford for your business insurance needs.
Shortly, you will receive your first bill from us. You are receiving this Notice so you know what
to expect as a valued customer of The Hartford. Should you have any questions after
reviewing this information, please contact us at 866-467-8730, and we will be happy to assist
you.
o Your total policy premium will appear on your policy’s Declarations Page. You will be billed based on the payment plan
you selected.
o You may pay the ""minimum due"" as it appears on your insurance bill or pay the policy balance in full.
o An installment service fee is added to each installment. A late fee will also be applied if the ""minimum due"" is not
received by the due date shown on your bill. Service and late payment fees do not apply in all states.
o If you selected installment billing, any credit or additional premium due as the result of a change made to your policy,
will be spread over the remaining billing installments. Additional premium due as a result of an audit will be billed in full
on your next bill date following the completion of the audit.
o If you elected Electronic Funds Transfer (EFT), policy changes may result in changes to the amount automatically
withdrawn from your bank account. The invoice you receive following a policy change will include future withdrawal
amounts. If you need to adjust or stop your next scheduled EFT withdrawal, please contact us at least 3 days prior to
the scheduled withdrawal date at the telephone number shown below.
o If you selected installment billing and pay the premiums for your first policy term on time, at renewal, your account may
qualify for our ""Equal Installment"" feature. This means that the percentage due for each installment, including the initial
renewal installment, will be the same throughout the policy term – helping you better manage cash flow. Equal
installments will continue as long as you pay your premiums on time and no cancellation notices are issued for any
policy on your account. If you no longer qualify for Equal Installments, future renewals will be billed based on the
payment plan you selected, which includes a higher initial installment amount.
o If your policy is eligible for renewal, your bill for the upcoming policy term will be sent to you approximately 30 days
prior to your policy’s renewal date. If your insurance needs change, please contact us at least 60 days prior to your
renewal date so we can properly address any adjustments needed.
o One bill convenience-- you have the option of combining all eligible Hartford policies on one single bill allowing you
to make one payment for all policies on your account as payments are due.
You’re In Control
In addition to selecting a bill plan option that best meets your budget, you have the flexibility to decide how your payments
are made …
o Repetitive EFT: Sign up for Repetitive EFT payments and have payments automatically withdrawn from your bank
account. This option saves you money by reducing the amount of the installment service fee.
o Pay Online: Register at www.thehartford.com/servicecenter. Online Bill Pay is Quick, Easy and Secure!
o Pay by Check: Send a check with your remittance stub in the envelope provided with your bill.
o Pay by Phone: Call toll-free 1-866-467-8730.
Should you have any questions about your bill, please call Customer Service toll-free number:
1-866-467-8730 - 7AM – 7PM CST. We look forward to being of service to you.
Form 100722 11th Rev. Printed in U.S.A.
Policy Number Policy Effective Date
Dear Hartford Insured,
Re: An Important Message to Workers Compensation Policyholders
The control of workplace accidents and injuries should be among the highest priorities of your
firm. Each accident wastes precious human and financial resources, and introduces
inefficiencies into your operations. From a practical standpoint, the control of accidents, and
their inevitable costs, simply makes good business sense.
An effective risk engineering program can save you money and aggravation, can positively
impact your loss experience (and thus your premium), and most importantly, can help you
maintain solid control of your operations.
As a service to you, our valued customer, the Risk Engineering Department of The Hartford in
cooperation with your independent agent, can assist you in establishing risk engineering
strategies. If you would like assistance, please complete and return to us the reply portion of
this brochure, or contact your independent agent.
Services Available
The following is a description of some of the services that we provide. The types of
services that may be appropriate for your business depend upon the nature and size of
your operations and the specific risk engineering services you have requested. The
cost of risk engineering services may or may not be a part of your insurance premium.
This depends on the extent of the requested services, agreements stated in your
insurance policy and program, and statutory regulations that may require us to provide
risk engineering services.
1) Reference Materials – Information about risk engineering topics that can be provided or
made available to you to help you to enhance your risk engineering program.
2) Telephone Consultation – We can hold a teleconference with you to help you to evaluate
your risk engineering program, identify areas for improvement, and recommend ways to
implement such improvements.
3) Onsite Consultation – This consists of visiting your premises and helping you to assess
and remedy your risk engineering needs onsite. This level of service is usually only
appropriate for larger, higher hazard operations. The following are examples of some of
the services that could be provided onsite:
o A review of your safety program to determine its adequacy and recommend
modifications to that plan where needed.
Form 97485 16th Rev. Printed in U.S.A. Process Date: Policy Expiration Date:
Page 1 of 6
o Specific hazard evaluations, including ergonomics, industrial hygiene or material
handling.
o An initial survey and evaluation to address potential safety and health hazards.
o Consultation to help management establish a comprehensive loss prevention Program.
o Periodic summaries of accidents and analysis of causes.
o Follow-up visits to check on progress and to provide continuing assistance when
required.
A Word About OSHA
The Occupational Safety and Health Act of 1970 and similarly approved State Plans require
employers to provide their employees with safe and healthful places to work. The Occupational
Safety and Health Administration (OSHA) of the U.S. Department of Labor and similar State
agencies enforce the regulations and apply penalties (civil and criminal) for non-compliance.
New standards have been developed, and through application and interpretation, standards
change. You should make yourself aware of the standards that are applicable to your
operations, and assure yourself that reasonable efforts are made to be in compliance. Copies
of the standards are available through most libraries, or can be obtained through OSHA or the
U.S. Government Printing Office.
You should know that neither The Hartford, nor any other party, can fulfill your obligations under the Law.
Questions related to your legal obligations should be referred to your legal counsel.
Some Safety Reminders from The Hartford:
Have you considered:
o The need to formalize your safety efforts to assure compliance and document your
efforts?
o The need to acquire Material Safety Data Sheets on all hazardous materials and the
need for training on appropriate safety measures for your employees?
o Requirements for record keeping of injuries, illnesses, and exposure to hazardous
substances?
o Assessing each job task to determine hazards and needed controls?
o Measuring each exposure to hazardous substances to determine the need for control or
personal protective equipment?
o What mechanisms are in place to periodically verify that exposure controls (guards,
ventilation systems, etc.) are still in place and working?
o What specific training your employees and your supervisors need to avoid hazards in
the workplace?
o What specific OSHA standards apply to your business?
Form 97485 16th Rev. Printed in U.S.A. Page 2 of 6
o What mechanism exists to promptly investigate all accidents and ‘near-misses’ to limit
the chance of another occurrence?
o The financial impact an injury or illness has on your business?
o What resources are available to you to help prevent accidents and illnesses?
Thank you for your business.
Sincerely,
The Hartford's Risk Engineering Department
Form 97485 16th Rev. Printed in U.S.A. Page 3 of 6
THIS BROCHURE IS PROVIDED FOR INFORMATIONAL PURPOSES ONLY. IT IS NOT
INTENDED TO BE A SUBSTITUTE FOR A COMPLETE ON-SITE SAFETY INSPECTION
CONDUCTED BY A QUALIFIED RISK ENGINEERING SPECIALIST. READERS ARE
ENCOURAGED TO HAVE SUCH AN INSPECTION CONDUCTED BOTH TO PROMOTE
WORKPLACE SAFETY AND TO COMPLY WITH APPLICABLE LAW.
FOR ADDITIONAL INFORMATION OR ASSISTANCE, EITHER TELEPHONE OR MAIL
THIS FORM TO YOUR HARTFORD AGENT OR NEAREST OFFICE OF THE HARTFORD
NOTICE TO ARKANSAS POLICYHOLDERS
The Hartford is required by law to provide its policyholders with certain accident prevention services at
no additional cost as required by ARK. Code Ann. §11-9-409(D) and Rule 32. If you would like more
information, call The Hartford’s Risk Engineering Department, One Hartford Plaza, T-7, Hartford, CT 06155
at 1-866-586-0467. If you have any questions about this requirement, call the Health and Safety Division,
Arkansas Workers’ Compensation Commission at 1-800-622-4472.
NOTICE TO CALIFORNIA POLICYHOLDERS
The Hartford is required by law to provide its policyholders with certain occupational safety and health risk
engineering consultation services as required by the California Labor Code, §6354.5, at no additional
charge. If you would like more information call The Hartford’s Risk Engineering Department at 1-866-586-
0467 for occupational safety and health risk engineering consultation services.
California Workers Compensation insurance policyholders may register comments about the insurer’s risk
engineering consultation service by writing to:
State of California
Department of Industrial Relations
Division of Occupational Safety and Health
P.O. Box 420603
San Francisco, California 94142
NOTICE TO PENNSYLVANIA POLICYHOLDERS
The Hartford maintains and provides accident and illness prevention services as required by the nature of
the policyholder's business or its operation, in accordance with the Pennsylvania Workers'
Compensation Act. For more information about these services contact your Hartford Agent or nearest
office of The Hartford.
Form 97485 16th Rev. Printed in U.S.A. Page 4 of 6
NOTICE TO TEXAS POLICYHOLDERS
Pursuant to Texas Labor Code §411.066, The Hartford is required to notify its policyholders that accident
prevention services are available from The Hartford at no additional charge. These services may include
surveys, recommendations, training programs, consultations, analyses of accident causes, industrial
hygiene and industrial health services.
The Hartford is also required to provide return-to-work coordination services as required by Texas Labor
Code §413.021 and to notify you of the availability of the return-to-work reimbursement program for
employers under Texas Labor Code §413.022.
If you would like more information, contact The Hartford at 1-866-586-0467 and email
contactriskengineering@thehartford.com for accident prevention services or 1-877-952-9222 and email
CentralClaimCenter.WCEDM@thehartford.com for return-to-work coordination services.
For information about these requirements call the Texas Department of Insurance, Division of Workers’
Compensation (TDI-DWC) at 1-800-687-7080 or for information about the return-to-work reimbursement
program for employers call the TDI-DWC at 1-512-804-5000.
If The Hartford fails to respond to your request for accident prevention services or return-to-work
coordination services, you may file a complaint with the TDI-DWC in writing at http://www.tdi.texas.gov or
by mail to Texas Department of Insurance, Division of Workers’ Compensation, MS-8, at 7551 Metro
Center Drive, Austin, Texas 78744-1645.
Form 97485 16th Rev. Printed in U.S.A. Page 5 of 6
To The Hartford’s Risk Engineering Department:
Yes – I am interested in obtaining information concerning:
General Topics Business Continuity Construction
Accident Analysis Business Travel Safety Construction Site Consultation
Accident Investigations Contingency Planning Overview Construction Equipment Hazards
Establishing a Risk Engineering
Program
Emergency/Disaster Response Hazard Communication
Hazard Recognition Emergency Evacuation Drills Ladders & Scaffolds
Safety Committees Emergency Preparedness Planning Trenching & Evacuation
Fall Protection
Ergonomics Industrial Hygiene Property
Back Injury Prevention Hazard Communication Automatic Sprinkler System
Computer Workstation Industrial Hygiene (general) Flammable Liquids
Cumulative Trauma Disorders Indoor Air Quality Fire Prevention and Protection
Ergo Train-the-Trainer Noise Exposures Fire Drill and Evacuation
Telecommuting Respiratory Protection Hot Work Permit Program
Transportation Workers’ Compensation Other Topics
3-D Driver Training Bloodborne Pathogens Business Risk Management
Driving Defensively Drug Screening General Liability Investigations
Fleet Newsletter Machine Safeguarding Product Liability Programs
Guide to Successful Driver Mgmt Return to Work Programs Safety Training
School Bus Driving Tips Slip and Falls Security/Terrorism
Name
Company Policy #
Address
City & State Zip Code
Email Address: Telephone
For more information on the above, you can visit our website at
https://www.thehartford.com/riskengineering
Or you may forward your request to:
Fax line: 1-860-723-4459
Or mail to:
The Hartford Financial Services Group
Risk Engineering Department
One Hartford Plaza, T-7
Hartford, CT 06155
Form 97485 16th Rev. Printed in U.S.A. Page 6 of 6
MAINTAINING YOUR RECORDS
FOR AUDIT PURPOSES
WHAT IS A PREMIUM ADJUSTMENT?
When your Workers' Compensation policy was issued you
paid a deposit premium based on the nature of your
business and estimates of your payroll. At the end of the
policy period, we conduct an audit to compare the
estimates against the actual figures and operations.
Based on this comparison an adjustment is made. If the
actual premium is less than what you already have paid, a
refund will be made. If it's more, you will be billed for the
difference. These adjustments are subject to any minimum
premiums that apply.
HOW WILL THE PREMIUM ADJUSTMENT BE MADE?
On smaller, less complex operations we may e-mail you,
call you, or mail you a request to ask you to provide the
information via our online web-based portal, mail or
telephone. If we require this information, we will provide
an electronic link to, or a paper copy of, the necessary
forms for you to complete.
On larger, more complex operations one of our Premium
Auditors will contact you for an appointment. You will be
contacted either by e-mail, telephone or mail. If directed,
the auditor will contact your accountant to obtain as much
information as possible and contact you at a later time for
additional information that may be needed.
BASIS OF PREMIUM
Remuneration (Payroll) in most states, includes:
Payment of: Wages, bonuses, commissions,
overtime,* sick pay, vacation pay,* tool
allowances, contributions to individual
retirement accounts, employee
contributions to employee benefit plans.
Payments on
basis of: Piece work, incentive plans, profit sharing.
The value of: Housing furnished to employees,* meals
furnished to employees,* store certificates,
merchandise and other dollar substitutes.
Remuneration does not include:
a. Employer contributions to a group insurance or
pension plan other than statutory plans of insurance.
b. Special awards for individual inventions or
discoveries.
c. Overtime.*
Subcontractors. In the absence of other insurance, most
state laws hold a contractor responsible for injuries to
employees of subcontractors. At the time of audit
Certificates of Insurance must be available for
subcontractors with employees, in order to avoid payment
of premium.
Independent Contractors, without employees, whose
duties closely resemble those of an employee, will be
considered your employee with the appropriate premium
charged.
The actual working relationship between you and the
Independent Contractor is examined. Items such as, but
not limited to: whether the work performed is an integral
part of your operations, whether you have the right to
control the details of the work, the method of payment,
who supplied the materials used, does the person
regularly work for others, whose regulatory authority did
person operate under, whether the person is involved in a
separate and distinct business offering the same services
to the public.
RECORDS
As part of the policy conditions, we are allowed to
examine your financial books and records to determine
actual exposures and operations. We would appreciate
your cooperation in making the needed records available
for the auditor's inspection.
What Records Will Be Needed?
The records needed will vary. In most cases, the Premium
Auditor will be able to obtain the necessary audit data
from two or more of the following records: Journals,
Ledgers, State and Federal Tax Reports, Individual
Earning Cards, Checkbooks and Contracts.
Form 98456 5th Rev. 12-13 Printed in U.S.A. Page 1 of 2
How You Should Keep Your Records
By maintaining your payroll records in accordance with the
following guidelines, you might reduce your insurance
costs.
Overtime. In most states, the amount paid in excess of
straight time pay can be deducted if it can be verified in
your records. You must maintain your records to show
pay separately by employee and in summary by
classification of work.
*Division of an employee's payroll to more than one
classification is not allowed in most states.
Exception: For construction, erection or stevedoring
operations the payroll of an employee may be allocated to
each type of work performed if proper records are kept.
Your records must show the number of hours and amount
of payroll for each type of work. If you do not keep such a
breakdown, the full salary must be charged to the highest
rated classification to which the employee is exposed.
Executive Officers in most states are considered
employees of their corporation and included in the
computation of premium. Their remuneration is assigned
without division to the actual operation in which they are
engaged. If their duties are the same as those of a
worker, foreman or superintendent, their payroll is
assigned to the classification that develops the highest
payroll. Minimum and maximum payrolls apply to
executive officers.
Automated Records. If your records are automated or
you plan to automate in the near future you can obtain
maximum benefits by setting up your records to include
insurance requirements. Our Premium Auditor will be
pleased to assist you in setting up your records. Contact
your Hartford Representative if you would like this
assistance.
NOTE: The contents of this publication are not intended
to supersede any definitions or conditions of your policy,
the Workers' Compensation Law or any legal rulings.
*Your state may have specific rules or exceptions.
Please contact your Hartford Representative for details
that may apply and answer questions you may have.
Form 98456 5th Rev. 12-13 Printed in U.S.A. Page 2 of 2
IMPORTANT NOTICE TO POLICYHOLDERS
DISCLOSURE PURSUANT TO TERRORISM RISK
INSURANCE ACT
A. Disclosure Of Premium
In accordance with the federal Terrorism Risk
Insurance Act, as amended (TRIA), we are
required to provide you with a notice disclosing the
portion of your premium, if any, attributable to
coverage for ""certified acts of terrorism"" under
TRIA. The charge for terrorism is shown in Item 4
of the Information Page or on the Schedule. The
rate for terrorism will apply as of the effective date
of your policy. The terrorism rates are subject to
change at any time based on state regulatory
action.
B. The following definition is added with respect to
the provisions of this endorsement:
1. A ""certified act of terrorism"" means an act that
is certified by the Secretary of the Treasury, in
accordance with the provisions of TRIA, to be
an act of terrorism under TRIA. The criteria
contained in TRIA for a ""certified act of
terrorism"" include the following:
a. The act results in insured losses in
excess of $5 million in the aggregate,
attributable to all types of insurance
subject to TRIA; and
b. The act results in damage within the
United States, or outside the United
States in the case of certain air carriers
or vessels or the premises of an United
States mission; and
c. The act is a violent act or an act that is
dangerous to human life, property or
infrastructure and is committed by an
individual or individuals as part of an
effort to coerce the civilian population of
the United States or to influence the
policy or affect the conduct of the United
States Government by coercion.
Calendar Year Federal Share of
Terrorism Losses
2015 85%
2016 84%
2017 83%
2018 82%
2019 81%
2020 or later 80%
C. Disclosure Of Federal Share Of Terrorism
Losses Under TRIA
The United States Department of the Treasury will
reimburse insurers for a portion of such insured
losses as indicated in the table below that exceeds
the applicable insurer deductible:
However, if aggregate insured losses attributable
to ""certified acts of terrorism"" under TRIA exceed
$100 billion in a calendar year, the Treasury shall
not make any payment for any portion of the
amount of such losses that exceeds $100 billion.
The United States Government has not charged
any premium for their participation in covering
terrorism losses.
D. Cap On Insurer Liability for Terrorism Losses
Under TRIA
If aggregate insured losses attributable to ""certified
acts of terrorism"" under TRIA exceed $100 billion
in a calendar year and we have met, or will meet,
our insurer deductible under TRIA we shall not be
liable for the payment of any portion of the amount
of such losses that exceeds $100 billion. In such
case, your coverage for terrorism losses may be
reduced on a pro-rata basis in accordance with
procedures established by the Treasury, based on
its estimates of aggregate industry losses
Form WC 66 03 37 H Printed in U.S.A. Page 1 of 2
and our estimate that we will exceed our insurer
deductible. In accordance with Treasury
procedures, amounts paid for losses may be
subject to further adjustments based on
differences between actual losses and estimates.
E. All other terms and conditions remain the
same.
Form WC 66 03 37 H Printed in U.S.A. Page 2 of 2
(Policy Provisions: WC000000C)
INFORMATION PAGE
WORKERS COMPENSATION AND EMPLOYERS LIABILITY POLICY
INSURER: The Sentinel Insurance Company
ONE HARTFORD PLAZA HARTFORD CT 06155
NCCI Company Number:
Company Code: A
Suffix
LARS RENEWAL
POLICY NUMBER:
Previous Policy Number:
1. Named Insured and Mailing Address:
(No., Street, Town, State, Zip Code)
FEIN Number:
State Identification Number(s):
Producer’s Name: The Named Insured is: Corporation
Business of Named Insured: Religious Organizations
Other workplaces not shown above:
2. Policy Period: From To
12:01 a.m., Standard time at the insured's mailing address.
UNITED CHURCH INSURANCE SERVICES
700 PROSPECT AVENUE
CLEVELAND OH 44115
Producer’s Code: 45456282
Issuing Office: THE HARTFORD BUSINESS SERVICE CENTER
3600 WISEMAN BLVD
SAN ANTONIO TX 78251
(877) 853-2582
Total Estimated Annual Premium:
Deposit Premium:
Policy Minimum Premium:
Audit Period: ANNUAL Installment Term:
The policy is not binding unless countersigned by our authorized representative.
Countersigned by
Authorized Representative Date
Form WC 00 00 01 A (1) Printed in U.S.A. Page 1 (Continued on next page)
Process Date: Policy Expiration Date:
INFORMATION PAGE (Continued) Policy Number:
3. A. Workers Compensation Insurance: Part one of the policy applies to the Workers Compensation Law of the states
listed here:
B. Employers Liability Insurance: Part Two of the policy applies to work in each state listed in Item 3.A.
The limits of our liability under Part Two are:
Bodily injury by Accident $1,000,000 each accident
Bodily injury by Disease $1,000,000 policy limit
Bodily injury by Disease $1,000,000 each employee
C. Other States Insurance: Part Three of the policy applies to the states, if any , listed here:
ALL STATES EXCEPT NORTH DAKOTA, OHIO, WASHINGTON, WYOMING, U.S.TERRITORIES AND STATES
DESIGNATED IN ITEM 3.A. OF THE INFORMATION PAGE.
D. This policy includes these endorsements and schedule:
4. The premium for this policy will be determined by our Manuals of Rules, Classifications, Rates and Rating
Plans. All information required below is subject to verification and change by audit.
Premium Basis
Classifications
Code Number and
Total Estimated
Annual
Rates Per
$100 of
Estimated
Annual
Description Remuneration Remuneration Premium
Terrorism Risk Insurance Program Reauthorization Act Disclosure Endorsement
Catastrophe (Other Than Certified Acts Of Terrorism)
Other Miscellaneous State Premiums
Estimated Annual Premium (before Surcharges)
Total Estimated Surcharges
*See the attached Schedule(s) of Operations for Location and State Level Premium Information
Total Estimated Annual Premium:
Deposit Premium:
Policy Minimum Premium:
Interstate/Intrastate Identification Number:
Labor Contractors Policy Number: NAICS: 813110
SIC: 8661
Form WC 00 00 01 A (1) Printed in U.S.A. Page 2
Process Date: Policy Expiration Date:
WORKERS COMPENSATION AND EMPLOYERS LIABILITY INSURANCE POLICY
QUICK REFERENCE
Beginning Beginning
on Page on Page
INFORMATION PAGE PART TWO - Continued
1 G. Limits of Liability .............................................. 4
General Section.............................................................. 1 H. Recovery From Others..................................... 4
A. The Policy............................................................... 1 I. Actions Against Us........................................... 4
B. Who Is Insured....................................................... 1
C. Workers Compensation Law.................................. 1 PART THREE - OTHER STATES INSURANCE 4
D. State....................................................................... 1 A. How This Insurance Applies............................. 4
E. Locations................................................................ 1 B. Notice............................................................... 5
PART ONE - WORKERS COMPENSATION INSURANCE... 1 PART FOUR - YOUR DUTIES IF INJURY OCCURS..... 5
A. How This Insurance Applies................................... 1
B. We Will Pay............................................................ 1 PART FIVE - PREMIUM............................................... 5
C. We Will Defend....................................................... 1 A. Our Manuals..................................................... 5
D. We Will Also Pay.................................................... 1 B. Classifications.................................................. 5
E. Other Insurance...................................................... 2 C. Remuneration................................................... 5
F. Payments You Must Make...................................... 2 D. Premium Payments.......................................... 5
G. Recovery From Others........................................... 2 E. Final Premium.................................................. 5
H. Statutory Provisions................................................ 2 F. Records............................................................ 6
G. Audit................................................................. 6
PART TWO - EMPLOYERS LIABILITY INSURANCE...... 2
A. How This Insurance Applies................................... 2 PART SIX - CONDITIONS....................................... 6
B. We will Pay............................................................. 3 A. Inspection......................................................... 6
C. Exclusions.............................................................. 3 B. Long Term Policy............................................. 6
D. We Will Defend....................................................... 3 C. Transfer of Your Rights and Duties.................. 6
E. We Will Also Pay.................................................... 4 D. Cancellation..................................................... 6
F. Other Insurance...................................................... 4 E. Sole Representative......................................... 6
IMPORTANT: This Quick Reference is not part of the Workers Compensation and Employers Liability Policy and does
not provide coverage. Refer to the Workers Compensation and Employers Liability Policy itself for
actual contractual provisions.
PLEASE READ THE WORKERS COMPENSATION AND EMPLOYERS LIABILITY POLICY CAREFULLY.
Form WC 66 01 56 B Process Date: 11/22/18 Printed in U.S.A.
Policy Expiration Date: 01/01/20
WORKERS COMPENSATION AND EMPLOYERS
LIABILITY INSURANCE POLICY
In return for the payment of the premium and subject to all terms of this policy, we agree with you as follows:
GENERAL SECTION
A. The Policy
This policy includes at its effective date the
Information Page and all endorsements and schedules
listed there. It is a contract of insurance between you
(the employer named in Item 1 of the Information
Page) and us (the insurer named on the Information
Page). The only agreements relating to this insurance
are stated in this policy. The terms of this policy may
not be changed or waived except by endorsement
issued by us to be part of this policy.
B. Who Is Insured
You are insured if you are an employer named in Item
1 of the Information Page. If that employer is a
partnership, and if you are one of its partners, you are
insured, but only in your capacity as an employer of
the partnership's employees.
C. Workers Compensation Law
Workers Compensation Law means the workers or
workmen's compensation law and occupational disease
law of each state or territory named in Item 3.A. of the
Information Page. It includes any amendments to
that law which are in effect during the policy period. It
does not include any federal workers or workmen's
compensation law, any federal occupational disease
law or the provisions of any law that provide
nonoccupational disability benefits.
D. State
State means any state of the United States of
America, and the District of Columbia.
E. Locations
This policy covers all of your workplaces listed in
Items 1 or 4 of the Information Page; and it covers all
other workplaces in Item 3.A. states unless you have
other insurance or are self-insured for such
workplaces.
A. How This Insurance Applies
This workers compensation insurance applies to
bodily injury by accident or bodily injury by disease.
Bodily injury includes resulting death.
1. Bodily injury by accident must occur during the
policy period.
2. Bodily injury by disease must be caused or
aggravated by the conditions of your employment.
The employee's last day of last exposure to the
conditions causing or aggravating such bodily
injury by disease must occur during the policy
period.
B. We Will Pay
We will pay promptly when due the benefits required
of you by the workers compensation law.
PART ONE - WORKERS COMPENSATION INSURANCE
C. We Will Defend
We have the right and duty to defend at our expense
any claim, proceeding or suit against you for benefits
payable by this insurance. We have the right to
investigate and settle these claims, proceedings or
suits.
We have no duty to defend a claim, proceeding or
suit that is not covered by this insurance.
D. We Will Also Pay
We will also pay these costs, in addition to other
amounts payable under this insurance, as part of any
claim, proceeding or suit we defend:
1. reasonable expenses incurred at our request, but
not loss of earnings;
Form WC 00 00 00 C Printed in U.S.A. Process Date: 11/22/18 Page 1 of 6
Policy Expiration Date: 01/01/20
2. premiums for bonds to release attachments and
for appeal bonds in bond amounts up to the
amount payable under this insurance;
3. 4. litigation costs taxed against you;
interest on a judgment as required by law until we
offer the amount due under this insurance; and
5. expenses we incur.
E. Other Insurance
We will not pay more than our share of benefits and
costs covered by this insurance and other insurance
or self-insurance. Subject to any limits of liability that
may apply, all shares will be equal until the loss is
paid. If any insurance or self-insurance is exhausted,
the shares of all remaining insurance will be equal
until the loss is paid.
F. Payments You Must Make
You are responsible for any payments in excess of the
benefits regularly provided by the workers
compensation law including those required because:
1. of your serious and willful misconduct;
2. you knowingly employ an employee in violation of
law;
3. you fail to comply with a health or safety law or
regulation; or
4. you discharge, coerce or otherwise discriminate
against any employee in violation of the workers
compensation law.
If we make any payments in excess of the benefits
regularly provided by the workers compensation law
on your behalf, you will reimburse us promptly.
G. Recovery From Others
We have your rights, and the rights of persons entitled
to the benefits of this insurance, to recover our
payments from anyone liable for the injury.
You will do everything necessary to protect those
rights for us and to help us enforce them.
H. Statutory Provisions
These statements apply where they are required by
law.
1. As between an injured worker and us, we have
notice of the injury when you have notice.
2. Your default or the bankruptcy or insolvency of
you or your estate will not relieve us of our duties
under this insurance after an injury occurs.
3. We are directly and primarily liable to any person
entitled to the benefits payable by this insurance.
Those persons may enforce our duties; so may
an agency authorized by law. Enforcement may
be against you and us.
4. Jurisdiction over you is jurisdiction over us for
purposes of the workers compensation law. We
are bound by decisions against you under that
law, subject to the provisions of this policy that
are not in conflict with that law.
5. This insurance conforms to the parts of the
workers compensation law that apply to:
a. benefits payable by this insurance;
b. special taxes, payments into security or other
special funds, and assessments payable by
us under that law.
6. Terms of this insurance that conflict with the
workers compensation law are changed by this
statement to conform to that law.
Nothing in these paragraphs relieves you of your duties
under this policy.
PART TWO - EMPLOYERS LIABILITY INSURANCE
A. How This Insurance Applies
This employers liability insurance applies to bodily
injury by accident or bodily injury by disease. Bodily
injury includes resulting death.
1. The bodily injury must arise out of and in the
course of the injured employee's employment by
you.
2. 3. 4. The employment must be necessary or incidental
to your work in a state or territory listed in Item
3.A. of the Information Page.
Bodily injury by accident must occur during the
policy period.
Bodily injury by disease must be caused or
aggravated by the conditions of your
employment. The employee's last day of last
Form WC 00 00 00 C Printed in U.S.A. Page 2 of 6
exposure to the conditions causing or aggravating
such bodily injury by disease must occur during
the policy period.
5. If you are sued, the original suit and any related
legal actions for damages for bodily injury by
accident or by disease must be brought in the
United States of America, its territories or
possessions, or Canada.
B. We Will Pay
We will pay all sums that you legally must pay as
damages because of bodily injury to your employees,
provided the bodily injury is covered by this Employers
Liability Insurance.
The damages we will pay, where recovery is permitted
by law, include damages:
1. For which you are liable to a third party by reason
of a claim or suit against you by that third party to
recover the damages claimed against such third
party as a result of injury to your employee;
2. 3. For care and loss of services; and
For consequential bodily injury to a spouse, child,
parent, brother or sister of the injured employee;
provided that these damages are the direct
consequence of bodily injury that arises out of and
in the course of the injured employee's
employment by you; and
4. Because of bodily injury to your employee that
arises out of and in the course of employment,
claimed against you in a capacity other than as
employer.
C. Exclusions
This insurance does not cover:
1. Liability assumed under a contract. This exclusion
does not apply to a warranty that your work will be
done in a workmanlike manner;
2. Punitive or exemplary damages because of bodily
injury to an employee employed in violation of law;
3. Bodily injury to an employee while employed in
violation of law with your actual knowledge or the
actual knowledge of any of your executive officers;
4. Any obligation imposed by a workers com-
pensation, occupational disease, unemployment
compensation, or disability benefits law, or any
similar law;
5. Bodily injury intentionally caused or aggravated by
you;
6. Bodily injury occurring outside the United States of
America, its territories or possessions, and Canada.
Form WC 00 00 00 C Printed in U.S.A. This exclusion does not apply to bodily injury to a
citizen or resident of the United States of America
or Canada who is temporarily outside these
countries;
7. Damages arising out of coercion, criticism,
demotion, evaluation, reassignment, discipline,
defamation, harassment, humiliation, dis-
crimination against or termination of any
employee, or any personnel practices, policies,
acts or omissions;
8. Bodily injury to any person in work subject to the
Longshore and Harbor Workers' Compensation
Act (33 U.S.C. Sections 901 et seq.), the
Noappropriated Fund Instrumentalities Act (5
U.S.C. Sections 8171 et seq.), the Outer
Continental Shelf Lands Act (43 U.S.C. Sections
1331 et seq.), the Defense Base Act (42 U.S.C.
Sections 1651-1654), the Federal Mine Safety
and Health Act (30 U.S.C. Sections 801 et seq.
and 901-944) any other federal workers or
workmen's compensation law or other federal
occupational disease law, or any amendments to
these laws;
9. Bodily injury to any person in work subject to the
Federal Employers' Liability Act (45 U.S.C.
Sections 51 et seq.), any other federal laws
obligating an employer to pay damages to an
employee due to bodily injury arising out of or in
the course of employment, or any amendments
to those laws;
10. Bodily injury to a master or member of the crew
of any vessel, and does not cover punitive
damages related to your duty or obligation to
provide transportation, wages, maintenance, and
cure under any applicable maritime law;
11. Fines or penalties imposed for violation of federal
or state law; and
12. Damages payable under the Migrant and
Seasonal Agricultural Worker Protection Act (29
U.S.C. Sections 1801 et seq.) and under any
other federal law awarding damages for violation
of those laws or regulations issued thereunder,
and any amendments to those laws.
D. We Will Defend
We have the right and duty to defend, at our expense,
any claim, proceeding or suit against you for damages
payable by this insurance. We have the right to
investigate and settle these claims, proceedings and
suits.
Page 3 of 6
We have no duty to defend a claim, proceeding or suit
that is not covered by this insurance. We have no
duty to defend or continue defending after we have
paid our applicable limit of liability under this
insurance.
E. We Will Also Pay
We will also pay these costs, in addition to other
amounts payable under this insurance, as part of any
claim, proceeding or suit we defend:
1. Reasonable expenses incurred at our request, but
not loss of earnings;
2. Premiums for bonds to release attachments and
for appeal bonds in bond amounts up to the limit
of our liability under this insurance;
3. 4. Litigation costs taxed against you;
Interest on a judgment as required by law until we
offer the amount due under this insurance; and
5. Expenses we incur.
F. Other Insurance
We will not pay more than our share of damages and
costs covered by this insurance and other insurance
or self-insurance. Subject to any limits of liability that
apply, all shares will be equal until the loss is paid. If
any insurance or self-insurance is exhausted, the
shares of all remaining insurance and self-insurance
will be equal until the loss is paid.
G. Limits of Liability
Our liability to pay for damages is limited. Our limits of
liability are shown in Item 3.B. of the Information Page.
They apply as explained below.
1. Bodily Injury by Accident. The limit shown for
''bodily injury by accident each accident'' is the
most we will pay for all damages covered by this
insurance because of bodily injury to one or more
employees in any one accident.
A disease is not bodily injury by accident unless it
results directly from bodily injury by accident.
2. Bodily Injury by Disease. The limit shown for
''bodily injury by disease policy limit'' is the most
we will pay for all damages covered by this
insurance and arising out of bodily injury by
disease, regardless of the number of employees
who sustain bodily injury by disease. The limit
shown for ''bodily injury by disease each
employee'' is the most we will pay for all
damages because of bodily injury by disease to
any one employee.
Bodily injury by disease does not include disease
that results directly from a bodily injury by
accident.
3. We will not pay any claims for damages after we
have paid the applicable limit of our liability under
this insurance.
H. Recovery From Others
We have your rights to recover our payment from
anyone liable for an injury covered by this insurance.
You will do everything necessary to protect those
rights for us and to help us enforce them.
I. Actions Against Us
There will be no right of action against us under this
insurance unless:
1. You have complied with all the terms of this
policy; and
2. The amount you owe has been determined with
our consent or by actual trial and final judgment.
This insurance does not give anyone the right to add
us as a defendant in an action against you to
determine your liability. The bankruptcy or
insolvency of you or your estate will not relieve us of
our obligations under this Part.
A. How This Insurance Applies
1. This other states insurance applies only if one or
more states are shown in Item 3.C. of the
Information Page.
2. If you begin work in any one of those states after
the effective date of this policy and are not insured
or are not self-insured for such work, all provisions
of the policy will apply as though that state were
PART THREE - OTHER STATES INSURANCE
3. 4. listed in Item 3.A. of the Information Page.
We will reimburse you for the benefits required by
the workers compensation law of that state if we
are not permitted to pay the benefits directly to
persons entitled to them.
If you have work on the effective date of this
policy in any state not listed in Item 3.A. of the
Form WC 00 00 00 C Printed in U.S.A. Page 4 of 6
Information Page, coverage will not be afforded for
that state unless we are notified within thirty days.
B. Notice
Tell us at once if you begin work in any state listed in
Item 3.C. of the Information Page.
PART FOUR - YOUR DUTIES IF INJURY OCCURS
Tell us at once if injury occurs that may be covered by
this policy. Your other duties are listed here.
1. Provide for immediate medical and other services
required by the workers compensation law.
2. Give us or our agent the names and addresses of
the injured persons and of witnesses, and other
information we may need.
3. Promptly give us all notices, demands and legal
papers related to the injury, claim, proceeding or
suit.
4. Cooperate with us and assist us, as we may
request, in the investigation, settlement or
defense of any claim, proceeding or suit.
5. Do nothing after an injury occurs that would
interfere with our right to recover from others.
6. Do not voluntarily make payments, assume
obligations or incur expenses, except at your own
cost.
PART FIVE - PREMIUM
A. Our Manuals
All premium for this policy will be determined by our
manuals of rules, rates, rating plans and
classifications. We may change our manuals and
apply the changes to this policy if authorized by law or
a governmental agency regulating this insurance.
B. Classifications
Item 4 of the Information Page shows the rate and
premium basis for certain business or work
classifications. These classifications were assigned
based on an estimate of the exposures you would
have during the policy period. If your actual
exposures are not properly described by those
classifications, we will assign proper classifications,
rates and premium basis by endorsement to this
policy.
C. Remuneration
Premium for each work classification is determined by
multiplying a rate times a premium basis.
Remuneration is the most common premium basis.
This premium basis includes payroll and all other
remuneration paid or payable during the policy period
for the services of:
1. All your officers and employees engaged in work
covered by this policy; and
2. all other persons engaged in work that could
make us liable under Part One (Workers
Compensation Insurance) of this policy. If you do
not have payroll records for these persons, the
contract price for their services and materials
may be used as the premium basis. This
paragraph 2 will not apply if you give us proof
that the employers of these persons lawfully
secured their workers compensation obligations.
D. Premium Payments
You will pay all premium when due. You will pay the
premium even if part or all of a workers
compensation law is not valid.
E. Final Premium
The premium shown on the Information Page,
schedules, and endorsements is an estimate. The
final premium will be determined after this policy ends
by using the actual, not the estimated, premium basis
and the proper classifications and rates that lawfully
apply to the business and work covered by this
policy. If the final premium is more than the premium
you paid to us, you must pay us the balance. If it is
less, we will refund the balance to you. The final
premium will not be less than the highest minimum
premium for the classifications covered by this policy.
Form WC 00 00 00 C Printed in U.S.A. Page 5 of 6
If this policy is cancelled, final premium will be
determined in the following way unless our manuals
provide otherwise:
1. If we cancel, final premium will be calculated pro
rata based on the time this policy was in force.
Final premium will not be less than the pro rata
share of the minimum premium.
2. If you cancel, final premium will be more than pro
rata; it will be based on the time this policy was in
force, and increased by our short rate cancellation
table and procedure. Final premium will not be
less than the minimum premium.
F. Records
You will keep records of information needed to
compute premium. You will provide us with copies of
those records when we ask for them.
G. Audit
You will let us examine and audit all your records that
relate to this policy. These records include ledgers,
journals, registers, vouchers, contracts, tax reports,
payroll and disbursement records, and programs for
storing and retrieving data. We may conduct the
audits during regular business hours during the policy
period and within three years after the policy period
ends. Information developed by audit will be used to
determine final premium. Insurance rate service
organizations have the same rights we have under
this provision.
PART SIX - CONDITIONS
A. Inspection
We have the right, but are not obligated to inspect
your workplaces at any time. Our inspections are not
safety inspections. They relate only to the insurability
of the workplaces and the premiums to be charged.
We may give you reports on the conditions we find.
We may also recommend changes. While they may
help reduce losses, we do not undertake to perform
the duty of any person to provide for the health or
safety of your employees or the public. We do not
warrant that your workplaces are safe or healthful or
that they comply with laws, regulations, codes or
standards. Insurance rate service organizations have
the same rights we have under this provision.
B. Long Term Policy
If the policy period is longer than one year and sixteen
days, all provisions of this policy will apply as though a
new policy were issued on each annual anniversary
that this policy is in force.
C. Transfer of Your Rights and Duties
Your rights or duties under this policy may not be
transferred without our written consent.
If you die and we receive notice within thirty days after
your death, we will cover your legal representative as
insured.
D. Cancellation
1. You may cancel this policy. You must mail or
deliver advance written notice to us stating when
the cancellation is to take effect.
2. We may cancel this policy. We must mail or
deliver to you not less than ten days advance
written notice stating when the cancellation is to
take effect. Mailing that notice to you at your
mailing address shown in Item 1 of the
Information Page will be sufficient to prove
notice.
3. The policy period will end on the day and hour
stated in the cancellation notice.
4. Any of these provisions that conflict with a law
that controls the cancellation of the insurance in
this policy is changed by this statement to comply
with that law.
E. Sole Representative
The insured first named in Item 1 of the Information
Page will act on behalf of all insureds to change this
policy, receive return premium, and give or receive
notice of cancellation.
Form WC 00 00 00 C Printed in U.S.A. Page 6 of 6
THIS ENDORSEMENT CHANGES THE POLICY. PLEASE READ IT CAREFULLY.
PREMIUM DUE DATE ENDORSEMENT
Policy Number: Endorsement Number:
Effective Date: Named Insured and Address:
Effective hour is the same as stated on the Information Page of the policy.
Section D of Part Five of the policy is replaced by this provision:
PART FIVE
PREMIUM
D. Premium is amended to read:
You will pay all premium when due. You will pay the
premium even if part or all of a workers compensation
law is not valid. The due date for audit and
retrospective premiums is the date of the billing.
Countersigned by
Authorized Representative
Form WC 00 04 19 Printed in U.S.A.
Process Date: Policy Expiration Date:
THIS ENDORSEMENT CHANGES THE POLICY. PLEASE READ IT CAREFULLY.
TERRORISM RISK INSURANCE PROGRAM REAUTHORIZATION ACT
DISCLOSURE ENDORSEMENT
Policy Number: Endorsement Number:
Effective Date: Named Insured and Address:
Effective hour is the same as stated on the Information Page of the policy.
This endorsement addresses the requirements of the
Terrorism Risk Insurance Act of 2002 as amended and
extended by the Terrorism Risk Insurance Program
Reauthorization Act of 2015. It serves to notify you of
certain limitations under the Act, and that your insurance
carrier is charging premium for losses that may occur in
the event of an Act of Terrorism.
Your policy provides coverage for workers compensation
losses caused by Acts of Terrorism, including workers
compensation benefit obligations dictated by state law.
Coverage for such losses is still subject to all terms,
definitions, exclusions, and conditions in your policy, and
any applicable federal and/or state laws, rules, or
regulations.
Definitions
The definitions provided in this endorsement are based
on and have the same meaning as the definitions in the
Act. If words or phrases not defined in this endorsement
are defined in the Act, the definitions in the Act will
apply.
""Act"" means the Terrorism Risk Insurance Act of 2002,
which took effect on November 26, 2002, and any
amendments thereto, including any amendments
resulting from the Terrorism Risk Insurance Program
Reauthorization Act of 2015.
""Act of Terrorism"" means any act that is certified by the
Secretary of the Treasury, in consultation with the
Secretary of Homeland Security, and the Attorney
General of the United States as meeting all of the
following requirements:
a. The act is an act of terrorism.
b. The act is violent or dangerous to human life,
property or infrastructure.
c. The act resulted in damage within the United States,
or outside of the United States in the case of the
premises of United States missions or certain air
carriers or vessels.
d. The act has been committed by an individual or
individuals as part of an effort to coerce the civilian
population of the United States or to influence the
policy or affect the conduct of the United States
Government by coercion.
""Insured Loss"" means any loss resulting from an act of
terrorism (and, except for Pennsylvania, including an act
of war, in the case of workers compensation) that is
covered by primary or excess property and casualty
insurance issued by an insurer if the loss occurs in the
United States or at the premises of United States
missions or to certain air carriers or vessels.
""Insurer Deductible"" means, for the period beginning on
January 1, 2015, and ending on December 31, 2020, an
amount equal to 20% of our direct earned premiums,
during the immediately preceding calendar year.
Form WC 00 04 22 B Printed in U.S.A.
Process Date:
Page 1 of 2
Policy Expiration Date:
Limitation of Liability
The Act limits our liability to you under this policy. If
aggregate Insured Losses exceed $100,000,000,000 in
a calendar year and if we have met our Insurer
Deductible, we are not liable for the payment of any
portion of the amount of Insured Losses that exceeds
$100,000,000,000; and for aggregate Insured Losses up
to $100,000,000,000, we will pay only a pro rata share of
such Insured Losses as determined by the Secretary of
the Treasury.
Policyholder Disclosure Notice
1. Insured Losses would be partially reimbursed by the
United States Government. If the aggregate industry
Insured Losses exceed:
a. $100,000,000, with respect to such Insured
Losses occurring in calendar year 2015, the
United States Government would pay 85% of
our Insured Losses that exceed our Insurer
Deductible.
b. $120,000,000, with respect to such Insured
Losses occurring in calendar year 2016, the
United States Government would pay 84% of
our Insured Losses that exceed our Insurer
Deductible.
c. $140,000,000, with respect to such Insured
Losses occurring in calendar year 2017, the
United States Government would pay 83% of
our Insured Losses that exceed our Insurer
Deductible.
d. $160,000,000, with respect to such Insured
Losses occurring in calendar year 2018, the
United States Government would pay 82% of
our Insured Losses that exceed our Insurer
Deductible.
e. $180,000,000, with respect to such Insured
Losses occurring in calendar year 2019, the
United States Government would pay 81% of
our Insured Losses that exceed our Insurer
Deductible.
f. $200,000,000, with respect to such Insured
Losses occurring in calendar year 2020, the
United States Government would pay 80% of
our Insured Losses that exceed our Insurer
Deductible.
2. Notwithstanding item 1 above, the United States
Government will not make any payment under the
Act for any portion of Insured Losses that exceed
$100,000,000,000.
3. The premium charge for the coverage your policy
provides for Insured Losses is included in the
amount shown in Item 4 of the Information Page or
in the Schedule below.
Schedule
State Rate Premium
See Attached Schedule
Form WC 00 04 22 B Printed in U.S.A. Page 2 of 2
THIS ENDORSEMENT CHANGES THE POLICY. PLEASE READ IT CAREFULLY.
CATASTROPHE (OTHER THAN CERTIFIED ACTS OF TERRORISM)
PREMIUM ENDORSEMENT
Policy Number: Endorsement Number:
Effective Date: Named Insured and Address:
Effective hour is the same as stated on the Information Page of the policy.
This endorsement is notification that your insurance
carrier is charging premium to cover the losses that
may occur in the event of a Catastrophe (other than
Certified Acts of Terrorism) as that term is defined
below. Your policy provides coverage for workers
compensation losses caused by a Catastrophe (other
than Certified Acts of Terrorism). This premium
charge does not provide funding for Certified Acts of
Terrorism contemplated under the Terrorism Risk
Insurance Program Reauthorization Act Disclosure
Endorsement (WC 00 04 22 B), attached to this
policy.
For purposes of this endorsement, the following
definitions apply:
o Catastrophe (other than Certified Acts of
Terrorism): Any single event, resulting from an
Earthquake, Noncertified Act of Terrorism, or
Catastrophic Industrial Accident, which results in
aggregate workers compensation losses in
excess of $50 million.
o Earthquake: The shaking and vibration at the
surface of the earth resulting from underground
movement along a fault plane or from volcanic
activity.
o Noncertified Act of Terrorism: An event that is not
certified as an Act of Terrorism by the Secretary
of Treasury pursuant to the Terrorism Risk Insurance
Act of 2002 (as amended) but that meets all of the
following criteria:
a. It is an act that is violent or dangerous to human
life, property, or infrastructure;
b. The act results in damage within the United
States, or outside of the United States in the case
of the premises of United States missions or air
carriers or vessels as those terms are defined in
the Terrorism Risk Insurance Act of 2002 (as
amended); and
c. It is an act that has been committed by an
individual or individuals as part of an effort to
coerce the civilian population of the United States
or to influence the policy or affect the conduct of
the United States Government by coercion.
o Catastrophic Industrial Accident: A chemical release,
large explosion, or small blast that is localized in
nature and affects workers in a small perimeter the
size of a building.
The premium charge for the coverage your policy
provides for workers compensation losses caused by a
Catastrophe (other than Certified Acts of Terrorism) is
shown in Item 4 of the Information Page or in the
Schedule below.
Schedule
State Rate Premium
Form WC 00 04 21 D Printed in U.S.A.
Process Date: Policy Expiration Date:
THIS ENDORSEMENT CHANGES THE POLICY. PLEASE READ IT CAREFULLY.
NOTIFICATION OF CHANGE IN OWNERSHIP
ENDORSEMENT
Policy Number: Endorsement Number:
Effective Date: Named Insured and Address:
Effective hour is the same as stated on the Information Page of the policy.
Experience rating is mandatory for all eligible insureds. The experience rating modification factor, if any, applicable to this
policy, may change if there is a change in your ownership or in that of one or more of the entities eligible to be combined
with you for experience rating purposes. Change in ownership includes sales, purchases, other transfers, mergers,
consolidations, dissolutions, formations of a new entity and other changes provided for in the applicable experience rating
plan manual.
You must report any change in ownership to us in writing within 90 days of such change. Failure to report such changes
within this period may result in revision of the experience rating modification factor used to determine your premium.
Countersigned by
Authorized Representative
Form WC 00 04 14 Printed in U.S.A.
Process Date: Policy Expiration Date:
POLICY ADJUSTMENT NOTICE
The premium we charged for your enclosed Hartford policy was based, in part, on estimates and assumptions related to
items such as payroll, sales revenue, and the nature of business operations for the policy period shown. When your
coverage period expires, a premium audit will be conducted to ensure the premium you paid for your insurance was
accurate. In order to complete the premium audit, when your policy coverage period expires you may receive, via e-mail
or US Postal mail, a request to complete an ""Insured's Report of Exposure"" Form. Alternatively, you may receive notice
that a Premium Audit representative will be contacting you to review your records and discuss your business operations
over the phone or in person. The purpose of the statement, phone call or visit is for the Premium Audit Department to
collect the information required to ensure that the premium you paid for your coverage was accurate.
Once the audit is complete, you will receive a Statement of Premium Adjustment which will reflect the amount of your
policy auditable premium, and will indicate whether you are owed a refund or if additional premium is due for the policy
period shown.
If we owe you a return premium, The Hartford will apply the refund amount to any current account balance. If your
account is paid in full, or if your refund amount is greater than the current account balance, we will issue
you a refund check. You can expect to receive this check within the next 30 days.
If you owe us an additional premium, the entire amount will appear as due and payable on your next bill. This amount
will appear as ""Premium Audit"" on your bill.
If you have any questions regarding the Premium Audit process, please call your insurance agent.
Thank you for doing business with The Hartford.
Form G-3058-1 Printed in U.S.A.
PRODUCER COMPENSATION NOTICE
You can review and obtain information on The Hartford’s producer compensation practices at
www.TheHartford.com or at 1-800-592-5717.
Form G-3418-0
Reporting a Work-Related Injury is Time Sensitive!
Call The Hartford’s LossConnect immediately to report a claim.
1-800-327-3636
Available 24 hours a day, 365 days a year.
The Benefits of Timely Loss Reporting:
Research has shown that faster loss reporting significantly affects loss costs. The sooner we are notified, the sooner we
can investigate the accident and coordinate with you, the injured employee, and the medical team to ensure the fastest
possible return to health and work.
The Effect of Timely Reporting on Controlling the Cost of Your Loss:
Statutory requirements also necessitate the prompt initial reporting of the accident causing
injury or death. Failure to comply may result in a fineable offense by the State.
Average Loss for Closed Claims
(Accident Years 2002-2005)
Report Lag in Days Percent Change in Loss Costs
Compared to First Week Report
Incident Day -6%
Week 1 0%
Week 2 13%
Week 3 or 4 16%
1 Month or Later 24%
Information You’ll Need
Company Information
o Account Number
o Location Code (if applicable)
o Parent Company (or program name)
o Policy Number
Worker Information
o Name, DOB, Address, Phone
o Social Security Number
o Age, Gender
o Marital Status, Number of Dependants
o Hire Date, Years in Current Position
o Wage Information
Incident Information
o Type of injury (burn, cut, etc.)?
o Exact body part injured?
o What caused the accident?
o Any reason to question the injury?
o Any witnesses?
o Address where injury occurred?
o Where was the injured employee treated? (Provide
name, address, phone of medical provider.)
o When was the accident reported to you and by
whom (date, time)?
Network Providers
A listing of more than 400,000 network providers qualified to treat work-related injuries is available online at
www.talispoint.com/hartext or by calling our Network Referral Unit at 1-800-327-3636 (select 4 at the prompt). Since
network referrals are often impacted by state specific rules, please call to learn how to maximize our network capabilities
on behalf of your employees.
Form WC 66 03 84 Printed in U.S.A.
Customer Privacy Notice
The Hartford Financial Services Group, Inc. and Affiliates*
(herein called ""we, our, and us"")
This Privacy Policy applies to our United States Operations
We value your trust. We are committed to the
responsible:
a) management;
b) use; and
c) protection;
of Personal Information.
This notice describes how we collect, disclose, and
protect Personal Information.
We collect Personal Information to:
a) service your Transactions with us; and
b) support our business functions.
We may obtain Personal Information from:
a) You;
b) c) your Transactions with us; and
third parties such as a consumer-reporting agency.
Based on the type of product or service You apply for or
get from us, Personal Information such as:
a) your name;
b) your address;
c) your income;
d) your payment; or
e) your credit history;
may be gathered from sources such as applications,
Transactions, and consumer reports.
To serve You and service our business, we may share
certain Personal Information. We will share Personal
Information, only as allowed by law, with affiliates such
as:
a) our insurance companies;
b) our employee agents;
c) our brokerage firms; and
d) our administrators.
As allowed by law, we may share Personal Financial
Information with our affiliates to:
a) market our products; or
b) market our services;
to You without providing You with an option to prevent
these disclosures.
We may also share Personal Information, only as
allowed by law, with unaffiliated third parties including:
a) independent agents;
b) brokerage firms;
c) insurance companies;
d) administrators; and
e) service providers;
who help us serve You and service our business.
When allowed by law, we may share certain Personal
Financial Information with other unaffiliated third
parties who assist us by performing services or functions
such as:
a) taking surveys;
b) marketing our products or services; or
c) offering financial products or services under a joint
agreement between us and one or more financial
institutions.
We, and third parties we partner with, may track some of
the pages You visit through the use of:
a) cookies;
b) pixel tagging; or
c) other technologies;
and currently do not process or comply with any web
browser’s ""do not track"" signal or other similar
mechanism that indicates a request to disable online
tracking of individual users who visit our websites or use
our services.
For more information, our Online Privacy Policy, which
governs information we collect on our website and our
affiliate websites, is available at
https://www.thehartford.com/online-privacy-policy.
We will not sell or share your Personal Financial
Information with anyone for purposes unrelated to our
business functions without offering You the opportunity
to:
a) ""opt-out;"" or
b) ""opt-in;""
as required by law.
We only disclose Personal Health Information with:
a) b) your proper written authorization; or
as otherwise allowed or required by law.
Our employees have access to Personal Information in
the course of doing their jobs, such as:
a) underwriting policies;
b) paying claims;
c) developing new products; or
d) advising customers of our products and services.
Form WC 66 03 30 J Printed in U.S.A. Page 1 of 2
We use manual and electronic security procedures to
maintain:
a) the confidentiality; and
b) the integrity of;
Personal Information that we have. We use these
procedures to guard against unauthorized access.
Some techniques we use to protect Personal
Information include:
a) secured files;
b) user authentication;
c) encryption;
d) firewall technology; and
e) the use of detection software.
We are responsible for and must:
a) b) c) identify information to be protected;
provide an adequate level of protection for that data;
grant access to protected data only to those people
who must use it in the performance of their job-
related duties.
Employees who violate our privacy policies and
procedures may be subject to discipline, which may
include termination of their employment with us.
We will continue to follow our Privacy Policy regarding
Personal Information even when a business
relationship no longer exists between us.
As used in this Privacy Notice:
Application means your request for our product or
service.
Personal Financial Information means financial
information such as:
a) credit history;
b) income;
c) financial benefits; or
d) policy or claim information.
Personal Financial Information may include Social
Security Numbers, Driver's license numbers, or other
government-issued identification numbers, or credit,
debit card, or bank account numbers.
Personal Health Information means health information
such as:
a) your medical records; or
b) information about your illness, disability or injury.
Personal Information means information that identifies
You personally and is not otherwise available to the
public. It includes:
a) Personal Financial Information; and
b) Personal Health Information.
Transaction means your business dealings with us,
such as:
a) your Application;
b) your request for us to pay a claim; and
c) your request for us to take an action on your
account.
You means an individual who has given us Personal
Information in conjunction with:
a) asking about;
b) applying for; or
c) obtaining;
a financial product or service from us if the product or
service is used mainly for personal, family, or household
purposes.
This Customer Privacy Policy is being provided on behalf of The Hartford Financial Services Group, Inc. and its affiliates, to the extent
required by the Gramm-Leach-Bliley Act and implementing regulations.
1stAGChoice, Inc.; Access CoverageCorp, Inc.; Access CoverageCorp Technologies, Inc.; American Maturity Life Insurance Company;
Archway 60 R, LLC; Business Management Group, Inc.; DMS R, LLC; First State Insurance Company; Fountain Investors I LLC;
Fountain Investors II LLC; Fountain Investors III LLC; Fountain Investors IV LLC; FP R, LLC (Delaware); FTC Resolution Company
LLC; Hart Re Group L.L.C.; Hartford Accident and Indemnity Company; Hartford Administrative Services Company; Hartford Casualty
General Agency, Inc.; Hartford Casualty Insurance Company; Hartford Financial Services, LLC; Hartford Fire General Agency, Inc.;
Hartford Fire Insurance Company; Hartford Funds Distributors, LLC; Hartford Funds Management Company, LLC; Hartford Funds
Management Group, Inc.; Hartford Group Benefits Holding Company; Hartford Holdings, Inc.; Hartford HLS Series Fund II, Inc.;
Hartford Insurance Company of Illinois; Hartford Insurance Company of the Midwest; Hartford Insurance Company of the Southeast;
Hartford Integrated Technologies, Inc.; Hartford International Life Reassurance Corporation; Hartford Investment Management
Company; Hartford Life and Accident Insurance Company; Hartford Life and Annuity Insurance Company; Hartford Life Insurance
Company; Hartford Life, Inc.; Hartford Life International Holding Company; Hartford Life Private Placement, LLC; Hartford Lloyd's
Corporation; Hartford Lloyd's Insurance Company; Hartford of Texas General Agency, Inc.; Hartford Residual Market, L.C.C.; Hartford
Securities Distribution Company, Inc.; Hartford Series Fund, Inc.; Hartford Specialty Insurance Services of Texas, LLC; Hartford
Strategic Investments, LLC; Hartford Underwriters General Agency, Inc.; Hartford Underwriters Insurance Company; Hartford-
Comprehensive Employee Benefit Service Company; HDC R, LLC; Heritage Holdings, Inc.; HIMCO Distribution Services Company;
HIMCO Variable Insurance Trust; HLA LLC; HL Investment Advisors, LLC; Horizon Management Group, LLC; HRA Brokerage
Services, Inc.; Lanidex Class B, LLC; Lanidex R, LLC (Delaware); Lattice Strategies LLC; Maxum Casualty Insurance Company;
Maxum Indemnity Company; Maxum Specialty Services Corporation; MPC Resolution Company LLC; New England Insurance
Company; New England Reinsurance Corporation; Northern Homelands Company; Nutmeg Insurance Agency, Inc.; Nutmeg Insurance
Company; Pacific Insurance Company, Limited; Property and Casualty Insurance Company of Hartford; Sentinel Insurance Company,
Ltd.; Trumbull Flood Management, L.L.C.; Trumbull Insurance Company; Twin City Fire Insurance Company.
Form WC 66 03 30 J Printed in U.S.A. Page 2 of 2
POLICY NUMBER:
Our President and Secretary have signed this policy. Where required by law, the Information Page has been
countersigned by our duly authorized representative.
Includes copyrighted material of the National Council on Compensation Insurance, used with its permission.
© 2000 National Council on Compensation Insurance.
DELAWARE:
Delaware forms have been copyrighted by the Delaware Compensation Rating Bureau or the Pennsylvania
Compensation Rating Bureau.
NEW JERSEY:
New Jersey forms have been copyrighted by the Compensation Rating and Inspection Bureau.
NEW YORK:
New York forms have been copyrighted by the New York Compensation Insurance Rating Board.
PENNSYLVANIA:
Pennsylvania forms have been copyrighted by the Pennsylvania Compensation Rating Bureau or the Delaware
Compensation Rating Bureau."
POL123456,John Doe,2020-09-28,2023-09-28,"TECHNOLOGY INSURANCE COMPANY, INC.
[ 59 Maiden Lane 43rd Floor
New York, NY 10038 ]
WORKERS' COMPENSATION
and
EMPLOYERS’ LIABILITY INSURANCE POLICY
In Witness Whereof, we have caused this policy to be executed and attested.
[ ] [ ]
[ Stephen Ungar, Secretary ] [ Christopher H. Foy, President ]
To obtain information, please contact your agent or Technology Insurance Company, Inc.
at 877-528-7878. You may also write Technology Insurance Company, Inc. Consumer
Relations at:
800 Superior Avenue East, 21st Floor
Cleveland, OH 44114
WC 99 00 00 B
(The information below is required only when this endorsement is issued subsequent to preparation of the policy.)
Endorsement Effective 9/1/2026 Policy No. TWP4535131 Endorsement No. 0
Insured Test Premium $ 421967
Insurance Company Technology Insurance Company, Inc.
PN049902B
(Ed. 05-02)
POLICYHOLDER NOTICE
CALIFORNIA WORKERS’ COMPENSATION
INSURANCE RATING LAWS
Pursuant to Section 11752.8 of the California Insurance Code, we are providing you with an explanation of the California
workers’ compensation rating laws.
1. 2. 3. 4. 5. 6. 7. We establish our own rates for workers’ compensation. Our rates, rating plans, and related information are filed with
the insurance commissioner and are open for public inspection.
The insurance commissioner can disapprove our rates, rating plans, or classifications only if he or she has
determined after public hearing that our rates might jeopardize our ability to pay claims or might create a monopoly in
the market. A monopoly is defined by law as a market where one insurer writes 20% or more of that part of the
California workers’ compensation insurance that is not written by the State Compensation Insurance Fund. If the
insurance commissioner disapproves our rates, rating plans, or classifications, he or she may order an increase in the
rates applicable to outstanding policies.
Rating organizations may develop pure premium rates that are subject to the insurance commissioner’s approval. A
pure premium rate reflects the anticipated cost and expenses of claims per $100 of payroll for a given classification.
Pure premium rates are advisory only, as we are not required to use the pure premium rates developed by any rating
organization in establishing our own rates.
We must adhere to a single, uniform experience rating plan. If you are eligible for experience rating under the plan,
we will be required to adjust your premium to reflect your claim history. A better claim history generally results in a
lower experience rating modification; more claims, or more expensive claims, generally result in a higher experience
rating modification. The uniform experience rating plan, which is developed by the insurance rating organization
designated by the insurance commissioner, is subject to approval by the insurance commissioner.
A standard classification system, developed by the insurance rating organization designated by the insurance
commissioner, is subject to approval by the insurance commissioner. The standard classification system is a method
of recognizing and separating policyholders into industry or occupational groups according to their similarities and/or
differences. We can adopt and apply the standard classification system or develop and apply our own classification
system, provided we can report the payroll, expenses, and other costs of claims in a way that is consistent with the
uniform statistical plan or the standard classification system.
Our rates and classifications may not violate the Unruh Civil Rights Act or be unfairly discriminatory.
We will provide an appeal process for you to appeal the way we rate your insurance policy. The process requires us
to respond to your written appeal within 30 days. If you are not satisfied with the result of your appeal, you may appeal
our decision to the insurance commissioner.
California Workers’ Compensation Insurance
Notice of Nonrenewal
Section 11664 of the California Insurance Code requires us, in most instances, to provide you with a notice of
nonrenewal. Except as specified in paragraphs 1 through 6 below, if we elect to nonrenew your policy, we are required to
deliver or mail to you a written notice stating the reason or reasons for the nonrenewal of the policy. The notice is required
to be sent to you no earlier than 120 days before the end of the policy period and no later than 30 days before the end of
the policy period. If we fail to provide you the required notice, we are required to continue the coverage under the policy
with no change in the premium rate until 60 days after we provide you with the required notice.
1 of 2
PN049902B
(Ed. 05-02)
We are not required to provide you with a notice of nonrenewal in any of the following situations:
1. 2. 3. 4. 5. 6. Your policy was transferred or renewed without a change in its terms or conditions or the rate on which the premium
is based to another insurer or other insurers who are members of the same insurance group as us.
The policy was extended for 90 days or less and the required notice was given prior to the extension.
You obtained replacement coverage or agreed, in writing, within 60 days of the termination of the policy, to obtain that
coverage.
The policy is for a period of no more than 60 days and you were notified at the time of issuance that it may not be
renewed.
You requested a change in the terms or conditions or risks covered by the policy within 60 days prior to the end of the
policy period.
We made a written offer to you to renew the policy at a premium rate increase of less than 25 percent.
(A) If the premium rate in your governing classification is to be increased 25 percent or greater and we intend to
renew the policy, we shall provide a written notice of a renewal offer not less than 30 days prior to the policy
renewal date. The governing classification shall be determined by the rules and regulations established in
accordance with California Insurance Code Section 11750.3(c).
(B) For purposes of this Notice, “premium rate” means the cost of insurance per unit of exposure prior to the
application of individual risk variations based on loss or expense considerations such as scheduled rating and
experience rating.
This notice does not change the policy to which it is attached.
2 of 2
PN049904
(Ed. 12-04)
POLICYHOLDER NOTICE
CALIFORNIA INSURANCE GUARANTEE ASSOCIATION (CIGA) SURCHARGE
Companies writing property and casualty insurance business in California are required to participate in the California
Insurance Guarantee Association. If a company becomes insolvent, the California Insurance Guarantee Association
settles unpaid claims and assesses each insurance company for its fair share.
California law requires all companies to surcharge policies to recover these assessments. If your policy is surcharged,
“CA Surcharge” or “CA Surcharge (CIGA Surcharge)” with an amount will be displayed on your premium notice.
This notice does not change the policy to which it is attached.
PN 04 99 01 J
(Ed. 06-25)
POLICYHOLDER NOTICE
YOUR RIGHT TO RATING AND DIVIDEND INFORMATION
I.
Information Available to You
A. Information Available from Us AmTrust Insurance Company
Technology Insurance Company, Inc.
(1) General questions regarding your policy should be directed to:
AmTrust Insurance Company
Technology Insurance Company, Inc.
800 Superior Avenue East, 21st Floor
800 Superior Ave. E., 21st Floor
Cleveland, OH 44114
Cleveland, OH 44114
(877) 528-7878
www.amtrustfinancial.com
(2) Dividend Calculation. If this is a participating policy (a policy on which a dividend may be paid), upon payment or non-
payment of a dividend, we shall provide a written explanation to you that sets forth the basis of the dividend calculation. The
explanation will be in clear, understandable language and will express the dividend as a dollar amount and as a percentage of
the earned premium for the policy year on which the dividend is calculated.
(3) Claims Information. Pursuant to Sections 3761 and 3762 of the California Labor Code, you are entitled to receive information
in our claim files that affects your premium. Copies of documents will be supplied at your expense during reasonable business
hours.
For claims covered under this policy, we will estimate the ultimate cost of unsettled claims for statistical purposes eighteen
Bureau of California (WCIRB) no later than twenty months after the policy becomes effective. The cost of any settled claims
will also be reported at that time. At twelve-month intervals thereafter, we will update and report to the WCIRB the estimated
cost of any unsettled claims and the actual final cost of any claims settled in the interim. The amounts we report will be used
by the WCIRB to compute your experience modification if you are eligible for experience rating.
B.
(1)
(2) (3) II.
A.
such, the WCIRB is responsible for administering the
1995 (USRP) and the 1995 (ERP). WCIRB contact information is:
WCIRB, One Montgomery Street, Suite 400, San Francisco, CA 94104, Attn: Customer Service; 888.229.2472 (phone);
415.778.7272 (fax); and customerservice@wcirb.com (email). The regulations contained in the USRP and ERP are available
wcirb.com.
Policyholder Information. Pursuant to California Insurance Code (CIC) Section 11752.6, upon written request, you are
entitled to information relating to loss experience, claims, classification assignments, and policy contracts as well as rating
plans, rating systems, manual rules, or other information impacting your premium that is maintained in the records of the
WCIRB. Complaints and Requests for Action requesting policyholder information should be forwarded to: WCIRB, One
Montgomery Street, Suite 400, San Francisco, CA 94104, Attn: Custodian of Records. The Custodian of Records can be
reached at 415.777.0777 (phone) and 415.778.7272 (fax).
Experience Rating Form. Each experience rated risk may receive a single copy of its current Experience Rating
website at wcirb.com/ratesheet. The Experience Rating Form/Worksheet will include a Loss-Free Rating, which is the
experience modification that would have been calculated if $0 (zero) actual losses were incurred during the experience period.
This hypothetical rating calculation is provided for informational purposes only.
Dispute Process
You may dispute our actions or the actions of the WCIRB pursuant to CIC Sections 11737 and 11753.1.
Our Dispute Resolution Process.
If you are aggrieved by our decision adopting a change in a classification assignment that results in increased premium, or by
the application of our
are dissatisfied with the outcome of the initial dispute with us, you may send us a written Complaint and Request for Action as
outlined below.
You may send us a written Complaint and Request for Action requesting that we reconsider a change in a classification
assignment that results in an increased premium and/or requesting that we review the manner in which our rating system has
been applied in connection with the insurance afforded or offered you. Written Complaints and Requests for Action should be
AmTrust North America, Inc., 1 Park Plaza, Suite 800, Irvine, CA 92614, or Telephone: (877) 528-7878 or
forwarded to: AmTrust North America, Inc., 1 Park Plaza, Suite 800, Irvine, CA 92614, or Telephone: (877) 528-7878 or
by email at: amtrustcomplaints@amtrustgroup.com.
by email at: amtrustcomplaints@amtrustgroup.com
After you send your Complaint and Request for Action, we have 30 days to send you a written notice indicating whether your
written request will be reviewed. If we agree to review your request, we must conduct the review and issue a decision granting
or rejecting your request within 60 days after sending you the written notice granting review. If we decline to review your
PN 04 99 01 J (Ed. 06-25)
1 of 2
PN 04 99 01 J
(Ed. 06-25)
B. request, if you are dissatisfied with the decision upon review, or if we fail to grant or reject your request or issue a decision
upon review, you may appeal to the Insurance Commissioner as described in paragraph II.C., below.
Disputing the Actions of the WCIRB. If you have been aggrieved by any decision, action, or omission to act of the WCIRB,
you may request, in writing, that the WCIRB reconsider its decision, action, or omission to act. You may also request, in
writing, that the WCIRB review the manner in which its rating system has been applied in connection with the insurance
afforded or offered you. For requests related to classification disputes, the reporting of experience, or coverage issues, your
initial request for review must be received by the WCIRB within 12 months after the expiration date of the policy to which the
request for review pertains, except if the request involves the application of the Revision of Losses rule. For requests related to
your experience modification, your initial request for review must be received by the WCIRB within 6 months after the
issuance, or 12 months after the expiration date, of the experience modification to which the request for review pertains,
whichever is later, except if the request for review involves the application of the Revision of Losses rule. If the request
involves the Revision of Losses rule, the time to state your appeal may be longer. (See Section VI, Rule 7 of the ERP).
You may commence the review process by sending the WCIRB a written Inquiry. Written Inquiries should be sent to: WCIRB,
One Montgomery Street, Suite 400, San Francisco, CA 94104, Attn: Customer Service. Customer Service can be
reached at 888.229.2472 (phone), 415.778.7272 (fax) and customerservice@wcirb.com (email).
C. III. A. B. ipt
of the Inquiry, you may pursue the subject of the Inquiry by sending the WCIRB a written Complaint and Request for Action.
After you send your Complaint and Request for Action, the WCIRB has 30 days to send you written notice indicating whether
your written request will be reviewed. If the WCIRB agrees to review your request, it must conduct the review and issue a
decision granting or rejecting your request within 60 days after sending you the written notice granting review. If the WCIRB
declines to review your request, if you are dissatisfied with the decision upon review, or if the WCIRB fails to grant or reject
your request or issue a decision upon review, you may appeal to the Insurance Commissioner as described in paragraph II.C.,
below. Written Complaints and Requests for Action should be forwarded to: WCIRB, One Montgomery Street, Suite 400,
San Francisco, CA 94104, Attn: Com
(phone), 415.371.5204 (fax) and customerservice@wcirb.com (email).
California Department of Insurance Appeals to the Insurance Commissioner. After you follow the appropriate dispute
resolution process described above, if (1) we or the WCIRB decline to review your request, (2) you are dissatisfied with the
decision upon review, or (3) we or the WCIRB fail to grant or reject your request or issue a decision upon review, you may
appeal to the Insurance Commissioner pursuant to CIC Sections 11737, 11752.6, 11753.1 and Title 10, California Code of
Regulations, Section 2509.40 et seq. You must file your appeal within 30 days after we or the WCIRB send you the notice
rejecting review of your Complaint and Request for Action or the decision upon your Complaint and Request for Action. If no
written decision regarding your Complaint and Request for Action is sent, your appeal must be filed within 120 days after you
sent your Complaint and Request for Action to us or to the WCIRB. The filing address for all appeals to the Insurance
Commissioner is:
Administrative Hearing Bureau
California Department of Insurance
1901 Harrison Street, 3rd Floor Mailroom
Oakland, CA 94612
415.538.4243
You have the right to a hearing before the Insurance Commissioner, and our action, or the action of the WCIRB, may be
affirmed, modified or reversed.
Resources Available to You in Obtaining Information and Pursuing Disputes
Policyholder Ombudsman. Pursuant to California Insurance Code Section 11752.6, a policyholder ombudsman is available
at the WCIRB to assist you in obtaining and evaluating the rating, policy, and claims information referenced in I.A. and I.B.,
above. The ombudsman may advise you on any dispute with us, the WCIRB, or on an appeal to the Insurance Commissioner
pursuant to Section 11737 of the Insurance Code. The address of the policyholder ombudsman is WCIRB, One Montgomery
Street, Suite 400, San Francisco, CA 94104, Attn: Policyholder Ombudsman. The policyholder ombudsman can be reached at
415.778.7159 (phone), 415.371.5288 (fax) and ombudsman@wcirb.com (email).
California Department of Insurance Information and Assistance. Information and assistance on policy questions can be
obtained from the Department of Insurance Consumer HOTLINE, 800.927.HELP (4357) or insurance.ca.gov. For questions
and correspondence regarding appeals to the Administrative Hearing Bureau, see the contact information in paragraph II.C.
This notice does not change the policy to which it is attached.
PN 04 99 01 J (Ed. 06-25)
2 of 2
California Short-Rate Cancellation Disclosure Notice
IMPORTANT INFORMATION REGARDING YOUR POLICY
The policy for which you have applied contains a cancellation provision that permits us
to refund premium on a basis other than pro rata when you cancel the policy. Under the
policy for which you have applied, if you cancel the policy, your final premium will be
calculated based on the time your policy was in force with us, using the percentage
specified in the short-rate cancellation table listed below.
SHORT RATE CANCELLATION TABLE FOR A TERM OF ONE YEAR
www.amtrustinsurance.com I 877.528.7878
Workers’ Compensation
Claim Reporting Information
24/7 Claim Reporting for All States
Website Phone Number Nurse Triage
www.amtrustfinancial.com
(888)239-3909
If the injured employee is available by phone and has not already
received medical care, call 888.239.3909 to report claim and select
the option to speak to a nurse to discuss treatment options.
Information Required for All Claims Reported
1. 2. 3. Name of the insured and policy number
Name and contact information of injured worker
Date, time and place of accident
4. 5. 6. Description of accident or incident
Name, phone, and/or email of person making the report
Any information on the injured workers lost time
Early claim reporting is essential to a better claim outcome. Don’t delay reporting if you do not have all
the details.
How do I help my injured worker find a doctor?
•
•
•
•
If nurse triage is utilized per the above, assistance will be provided in locating an in-network facility in the area
We also offer an online physician search for all states, www.talispoint.com/amtrust/external
For California, www.talispoint.com/amtrust/campn
For CO, GA, PA & TN, please refer to panel provided by AmTrust via mail or email
How does my injured employee receive prescription medications related to the accident/injury?
•
Refer to the claims kit for your state at www.talispoint.com/amtrust/external for a First Fill card for your injured employee to use at the
pharmacy to cover the cost of approved medication.
Timely Reporting
When a work-related injury occurs, it is important to act immediately. Timely reporting of a new claim helps to provide a smooth and
successful claim process for both you and your injured worker.
We’re Here To Help
After your claim has been filed, we may be in touch to obtain
additional information. Our goal is to offer a smooth and hassle-free
experience – from your first contact to the claims conclusion. Feel
free to also call us with any questions. We’re here to help.
Relax And Stay Positive
You have the assurance of our knowledge, expertise,
and understanding of the claim process. We’re with
you all the way.
AmTrust is AmTrust Financial Services, Inc., located at 59 Maiden Lane, New York, NY 10038.
Coverages are provided by its affiliated property and casualty insurance companies. Consult
the applicable policy for specific terms, conditions, limits and exclusions to coverage. For full
legal disclaimer information, including Texas and Washington writing companies, visit: www.
amtrustfinancial.com/about-us/legal-disclaimer. © 2024, AmTrust Financial Services, Inc.
MKT6310 05/25
February XX, 2017
Dear Policyholder,
In an effort to provide AmTrust customers with a variety of billing options, the below fee structure
will be applied to your new policy.
This fee structure helps customers to meet payment due dates, ensures that valid and properly
funded payments are submitted, and provides an incentive for paid-in-full options.
Our fee structure is as follows:
Fee Title Fee Amount Description
Returned Payment Fee $25 A returned payment fee applied to any returned payment.
Late Fee $20 Late fee applied if payment not received on or before
payment due date.
Installment Fee $15 Reinstatement Fee $50 EFT Fee $3 An “electronic” billing fee that is assessed for each ACH
Direct Debit transaction. Fee is billed at the account level.
A “paper” billing fee that is assessed for each mailed
installment invoice. Excludes down payment and annual
payment plans. Fee is billed at the account level.
Fee applied upon reinstatement of a non-payment
cancellation.
*Fee amount may vary by state and program of business
For policyholders who choose to pay their annual premium on installments, we plan to implement
an installment fee, which will be displayed on your renewal invoice.
Thank you for your attention. If you have any questions, feel free to contact our Customer Service
Department at 877.528.7878.
We value you as a policyholder and appreciate the opportunity to serve you.
Sincerely,
AmTrust North America
Customer Service Department
800 Superior Avenue E • 21st Floor • Cleveland, OH 44114
(p) 866.203.3037 • (f) 800.487.9654 • www.amtrustnorthamerica.com
Technology Insurance Company, Inc.
A Stock Insurance Company
WORKERS COMPENSATION AND EMPLOYERS LIABILITY WC 99 00 01 E
1 of 5
INSURANCE POLICY INFORMATION PAGE
Ncci Code: 39071
1. Insured:
Test
123 Mystery Machine Street
Sun Valley, CA 91353
Other workplaces not shown above:
None
Producer:
AmTrust Testing Company
1001 Baltimore Pike Suite 307 test1
Pittsburgh, PA 15213
Policy Number: TWP4535131
Individual Partnership
X Married Joint Sole Proprietorship
Corporation or
Federal Tax ID: 373057956
Risk Id:
Renewal of: New
2. The policy period is from 9/1/2026 to 9/1/2027 12:01 a.m. at the insured's mailing address.
3. A. B. Workers Compensation Insurance: Part One of the policy applies to the Workers Compensation Law of
the states listed here: California
Employers Liability Insurance: Part Two of the policy applies to work in each state listed in item 3.A.
The limits of our liability under Part Two are:
State Bodily Injury by Accident Bodily Injury by Disease Bodily Injury by Disease
C. D. $1,000,000 each accident $1,000,000 policy limit $1,000,000 each employee
Other States Insurance: Part Three of the policy applies to the states, if any, listed here:
All states except ND, OH, WA, WY and State(s) Designated in Item 3.A
This policy includes these endorsements and schedules: See Extension of Information Page
4. The premium for this policy will be determined by our Manuals of Rules, Classifications, Rates and Rating
Plans. All information required below is subject to verification and change by audit.
See Extension of Information Page
TOTAL ESTIMATED ANNUAL PREMIUM 421,967
STATE ASSESSMENT 21,255
TOTAL ESTIMATED COST 443,222
Minimum Premium 500
Deposit Premium 443,222
Issue Date: 10/1/2025 Countersigned by:
Authorized Representative
Servicing/Issuing Office: 1001 Baltimore Pike Suite 307 test1
Pittsburgh, PA. 15213
Technology Insurance Company, Inc. WC 99 00 01 E
2 of 5
WORKERS COMPENSATION AND EMPLOYERS LIABILITY INSURANCE
POLICY INFORMATION PAGE
Insured: Test Policy Number: TWP4535131
EXTENSION OF INFORMATION PAGE FOR ITEM #1
ITEM 1: NAMED INSURED and WORKPLACES
NAMED INSURED: Test Fein: 373057956
WORKPLACES: Location Number 1.
123 Mystery Machine Street
Sun Valley, CA 91353
Technology Insurance Company, Inc. WC 99 00 01 E
3 of 5
WORKERS COMPENSATION AND EMPLOYERS LIABILITY INSURANCE
POLICY INFORMATION PAGE
Insured: Test Policy Number: TWP4535131
EXTENSION OF INFORMATION PAGE FOR ITEM #3.D
ITEM 3.D: ENDORSEMENT SCHEDULE
State Form Number Description
WC990001E DECLARATIONS PAGE
CA 34-2005 1008 CA Important Notice
WC000000C WORKERS COMPENSATION AND EMPLOYERS LIABILITY INSURANCE POLICY
WC000406A PREMIUM DISCOUNT ENDORSEMENT
WC000419 PREMIUM DUE DATE ENDORSEMENT
WC000421F CATASTROPHE (OTHER THAN CERTIFIED ACTS OF TERRORISM) PREMIUM
ENDORSEMENT
WC000422C TERRORISM RISK INSURANCE PROGRAM REAUTHORIZATION ACT
DISCLOSURE ENDORSEMENT
CA WC040301D POLICY AMENDATORY ENDORSEMENT CALIFORNIA
CA WC040310 CA DUTY TO DEFEND
CA WC040360B EMPLOYERS’ LIABILITY COVERAGE AMENDATORY ENDORSEMENT -
CALIFORNIA
CA WC040421 CA OPTIONAL PREMIUM INCREASE ENDORSEMENT
CA WC040601B CALIFORNIA CANCELATION ENDORSEMENT
Technology Insurance Company, Inc. WC 99 00 01 E
4 of 5
WORKERS COMPENSATION AND EMPLOYERS LIABILITY INSURANCE
POLICY INFORMATION PAGE
Insured: Test Policy Number: TWP4535131
EXTENSION OF INFORMATION PAGE FOR ITEM #4
ITEM 4: SCHEDULE OF PREMIUMS
Classifications
# of
Emps
Code
No.
Premium Basis
Total Estimated
Annual
Remuneration
Rate Per
$100 of
Remun.
Estimated
Annual
Premium
California
Landscape Gardening 20 0042 3,565,643 12.36 440,713
Manual Premium 440,713
Total Manual Premium 440,713
Total Premium Subject To Experience Modification 440,713
Experience Modification N/A 440,713
Premium Discount 4.6% 0063 -20,273
Terrorism 3% 9740 1,070
Catastrophe (other than Terrorism) 1% 9741 357
Expense Constant 0900 100
Total CA Premium 421,967
WCARF 1.237% 9999 5,220
UEBTF 0.0818% 9999 345
SIBTF 3.0148% 9999 12,721
OSHAF 0.1885% 9999 795
LECF 0.1058% 9999 446
FRAUD 0.4096% 9999 1,728
Total CA Cost 443,222
TOTAL ESTIMATED ANNUAL PREMIUM 421,967
STATE ASSESSMENT 21,255
TOTAL COST 443,222
Technology Insurance Company, Inc. WC 99 00 01 E
5 of 5
WORKERS COMPENSATION AND EMPLOYERS LIABILITY INSURANCE
POLICY INFORMATION PAGE
Insured: Test Policy Number: TWP4535131
PAYMENT SCHEDULE
Statement
Closing Date
Payment
Due Date Description Amount Due
9/1/2026 Annual Premium Due $443,222.00
Total Cost $443,222.00
Printed: 10/1/2025
IMPORTANT NOTICE
CALIFORNIA WORKERS COMPENSATION
REGARDING YOUR INSURANCE POLICY
This policy, including all endorsements or riders forming a part thereof, constitutes the entire contract of insurance. No condition, provision,
agreement, or understanding not set forth in the policy or in such endorsement or rider shall affect such contract or any rights, duties, or
privileges arising therefrom.
WORKERS COMPENSATION AND EMPLOYERS LIABILITY INSURANCE POLICY WC 00 00 00 C
(Ed. 1-15)
WORKERS COMPENSATION AND EMPLOYERS LIABILITY INSURANCE POLICY
In return for the payment of the premium and subject to
all terms of this policy, we agree with you as follows:
PART ONE
WORKERS COMPENSATION INSURANCE
A. How This Insurance Applies
This workers compensation insurance applies to
bodily injury by accident or bodily injury by disease.
Bodily injury includes resulting death.
1. Bodily injury by accident must occur during the
policy period.
2. Bodily injury by disease must be caused or ag-
gravated by the conditions of your employment.
The employee’s last day of last exposure to the
conditions causing or aggravating such bodily in-
jury by disease must occur during the policy
period.
B. We Will Pay
We will pay promptly when due the benefits required
of you by the workers compensation law.
C. We Will Defend
We have the right and duty to defend at our expense
any claim, proceeding or suit against you for benefits
payable by this insurance. We have the right to in-
vestigate and settle these claims, proceedings or
suits.
We have no duty to defend a claim, proceeding or
suit that is not covered by this insurance.
D. We Will Also Pay
We will also pay these costs, in addition to other
amounts payable under this insurance, as part of
any claim, proceeding or suit we defend:
1. reasonable expenses incurred at our request,
but not loss of earnings;
2. premiums for bonds to release attachments and
for appeal bonds in bond amounts up to the
amount payable under this insurance;
3. 4. litigation costs taxed against you;
interest on a judgment as required by law until
we offer the amount due under this insurance;
and
5. expenses we incur.
E. Other Insurance
We will not pay more than our share of benefits and
costs covered by this insurance and other
GENERAL SECTION
A. The Policy
This policy includes at its effective date the Infor-
mation Page and all endorsements and schedules
listed there. It is a contract of insurance between
you (the employer named in Item 1 of the Infor-
mation Page) and us (the insurer named on the In-
formation Page). The only agreements relating to
this insurance are stated in this policy. The terms of
this policy may not be changed or waived except
by endorsement issued by us to be part of this
policy.
B. Who is Insured
You are insured if you are an employer named in
Item 1 of the Information Page. If that employer is a
partnership, and if you are one of its partners, you
are insured, but only in your capacity as an em-
ployer of the partnership’s employees.
C. Workers Compensation Law
Workers Compensation Law means the workers or
workmen’s compensation law and occupational
disease law of each state or territory named in Item
3.A. of the Information Page. It includes any
amendments to that law which are in effect during
the policy period. It does not include any federal
workers or workmen’s compensation law, any fed-
eral occupational disease law or the provisions of
any law that provide nonoccupational disability
benefits.
D. State
State means any state of the United States of
America, and the District of Columbia.
E. Locations
This policy covers all of your workplaces listed in
Items 1 or 4 of the Information Page; and it covers
all other workplaces in Item 3.A. states unless you
have other insurance or are self-insured for such
workplaces.
1 of 6
 Copyright 2013 National Council on Compensation Insurance, Inc. All Rights Reserved.
WC 00 00 00 C (Ed. 1-15)
WORKERS COMPENSATION AND EMPLOYERS LIABILITY INSURANCE POLICY
insurance or self-insurance. Subject to any limits of
liability that may apply, all shares will be equal until
the loss is paid. If any insurance or self-insurance
is exhausted, the shares of all remaining insurance
will be equal until the loss is paid.
F. Payments You Must Make
You are responsible for any payments in excess of
the benefits regularly provided by the workers
compensation law including those required
because:
1. of your serious and willful misconduct;
2. you knowingly employ an employee in violation
of law;
3. you fail to comply with a health or safety law or
regulation; or
4. you discharge, coerce or otherwise discriminate
against any employee in violation of the workers
compensation law.
If we make any payments in excess of the benefits
regularly provided by the workers compensation
law on your behalf, you will reimburse us promptly.
G. Recovery From Others
We have your rights, and the rights of persons enti-
tled to the benefits of this insurance, to recover our
payments from anyone liable for the injury. You will
do everything necessary to protect those rights for
us and to help us enforce them.
H. Statutory Provisions
These statements apply where they are required by
law.
1. 2. 3. 4. 5. As between an injured worker and us, we have
notice of the injury when you have notice.
Your default or the bankruptcy or insolvency of
you or your estate will not relieve us of our du-
ties under this insurance after an injury occurs.
We are directly and primarily liable to any per-
son entitled to the benefits payable by this in-
surance. Those persons may enforce our duties;
so may an agency authorized by law. Enforce-
ment may be against us or against you and us.
Jurisdiction over you is jurisdiction over us for
purposes of the workers compensation law. We
are bound by decisions against you under that
law, subject to the provisions of this policy that
are not in conflict with that law.
This insurance conforms to the parts of the
workers compensation law that apply to:
a. b. benefits payable by this insurance;
special taxes, payments into security or oth-
er special funds, and assessments payable
by us under that law.
6. Terms of this insurance that conflict with the
workers compensation law are changed by this
statement to conform to that law.
Nothing in these paragraphs relieves you of your du-
ties under this policy.
PART TWO
EMPLOYERS LIABILITY INSURANCE
A. How This Insurance Applies
This employers liability insurance applies to bodily
injury by accident or bodily injury by disease. Bodily
injury includes resulting death.
1. The bodily injury must arise out of and in the
course of the injured employee’s employment by
you.
2. The employment must be necessary or inci-
dental to your work in a state or territory listed in
Item 3.A. of the Information Page.
3. Bodily injury by accident must occur during the
policy period.
4. Bodily injury by disease must be caused or ag-
gravated by the conditions of your employment.
The employee’s last day of last exposure to the
conditions causing or aggravating such bodily in-
jury by disease must occur during the policy
period.
5. If you are sued, the original suit and any related
legal actions for damages for bodily injury by ac-
cident or by disease must be brought in the
United States of America, its territories or pos-
sessions, or Canada.
B. We Will Pay
We will pay all sums that you legally must pay as
damages because of bodily injury to your employ-
ees, provided the bodily injury is covered by this
Employers Liability Insurance.
The damages we will pay, where recovery is permit-
ted by law, include damages:
1. For which you are liable to a third party by rea-
son of a claim or suit against you by that third
party to recover the damages claimed against
2 of 6
 Copyright 2013 National Council on Compensation Insurance, Inc. All Rights Reserved.
WORKERS COMPENSATION AND EMPLOYERS LIABILITY INSURANCE POLICY WC 00 00 00 C
(Ed. 1-15)
such third party as a result of injury to your em-
ployee;
2. For care and loss of services; and
3. For consequential bodily injury to a spouse,
child, parent, brother or sister of the injured em-
ployee; provided that these damages are the di-
rect consequence of bodily injury that arises out
of and in the course of the injured employee’s
employment by you; and
4. Because of bodily injury to your employee that
arises out of and in the course of employment,
claimed against you in a capacity other than as
employer.
C. Exclusions
This insurance does not cover:
1. Liability assumed under a contract. This exclu-
sion does not apply to a warranty that your work
will be done in a workmanlike manner;
2. Punitive or exemplary damages because of bodi-
ly injury to an employee employed in violation of
law;
3. Bodily injury to an employee while employed in
violation of law with your actual knowledge or the
actual knowledge of any of your executive offic-
ers;
4. Any obligation imposed by a workers compensa-
tion, occupational disease, unemployment com-
pensation, or disability benefits law, or any simi-
lar law;
5. Bodily injury intentionally caused or aggravated
by you;
6. Bodily injury occurring outside the United States
of America, its territories or possessions, and
Canada. This exclusion does not apply to bodily
injury to a citizen or resident of the United States
of America or Canada who is temporarily outside
these countries;
7. Damages arising out of coercion, criticism, de-
motion, evaluation, reassignment, discipline,
defamation, harassment, humiliation, discrimina-
tion against or termination of any employee, or
any personnel practices, policies, acts or omis-
sions;
8. Bodily injury to any person in work subject to the
Longshore and Harbor Workers’ Compensation
Act (33 U.S.C. Sections 901 et seq.), the Nonap-
propriated Fund Instrumentalities Act (5 U.S.C.
Sections 8171 et seq.), the Outer Continental
Shelf Lands Act (43 U.S.C. Sections 1331 et
seq.), the Defense Base Act (42 U.S.C. Sections
1651–1654), the Federal Mine Safety and Health
Act (30 U.S.C. Sections 801 et seq. and 901–
944), any other federal workers or workmen’s
compensation law or other federal occupational
disease law, or any amendments to these laws;
9. Bodily injury to any person in work subject to the
Federal Employers’ Liability Act (45 U.S.C. Sec-
tions 51 et seq.), any other federal laws obligat-
ing an employer to pay damages to an employee
due to bodily injury arising out of or in the course
of employment, or any amendments to those
laws;
10. Bodily injury to a master or member of the crew
of any vessel, and does not cover punitive dam-
ages related to your duty or obligation to provide
transportation, wages, maintenance, and cure
under any applicable maritime law;
11. Fines or penalties imposed for violation of federal
or state law; and
12. Damages payable under the Migrant and Sea-
sonal Agricultural Worker Protection Act (29
U.S.C. Sections 1801 et seq.) and under any
other federal law awarding damages for violation
of those laws or regulations issued thereunder,
and any amendments to those laws.
D. We Will Defend
We have the right and duty to defend, at our ex-
pense, any claim, proceeding or suit against you for
damages payable by this insurance. We have the
right to investigate and settle these claims, proceed-
ings and suits.
We have no duty to defend a claim, proceeding or
suit that is not covered by this insurance. We have
no duty to defend or continue defending after we
have paid our applicable limit of liability under this
insurance.
E. We Will Also Pay
We will also pay these costs, in addition to other
amounts payable under this insurance, as part of
any claim, proceeding, or suit we defend:
1. Reasonable expenses incurred at our request,
but not loss of earnings;
2. Premiums for bonds to release attachments and
for appeal bonds in bond amounts up to the limit
of our liability under this insurance;
3. Litigation costs taxed against you;
4. Interest on a judgment as required by law until
we offer the amount due under this insurance;
and
5. Expenses we incur.
3 of 6
 Copyright 2013 National Council on Compensation Insurance, Inc. All Rights Reserved.
WC 00 00 00 C (Ed. 1-15)
WORKERS COMPENSATION AND EMPLOYERS LIABILITY INSURANCE POLICY
F. Other Insurance
We will not pay more than our share of damages
and costs covered by this insurance and other in-
surance or self-insurance. Subject to any limits of li-
ability that apply, all shares will be equal until the
loss is paid. If any insurance or self-insurance is ex-
hausted, the shares of all remaining insurance and
self-insurance will be equal until the loss is paid.
G. Limits of Liability
Our liability to pay for damages is limited. Our limits
of liability are shown in Item 3.B. of the Information
Page. They apply as explained below.
1. Bodily Injury by Accident. The limit shown for
“bodily injury by accident—each accident” is the
most we will pay for all damages covered by this
insurance because of bodily injury to one or
more employees in any one accident.
A disease is not bodily injury by accident unless
it results directly from bodily injury by accident.
2. Bodily Injury by Disease. The limit shown for
“bodily injury by disease—policy limit” is the
most we will pay for all damages covered by this
insurance and arising out of bodily injury by dis-
ease, regardless of the number of employees
who sustain bodily injury by disease. The limit
shown for “bodily injury by disease—each em-
ployee” is the most we will pay for all damages
because of bodily injury by disease to any one
employee.
Bodily injury by disease does not include dis-
ease that results directly from a bodily injury by
accident.
3. We will not pay any claims for damages after we
have paid the applicable limit of our liability un-
der this insurance.
H. Recovery From Others
We have your rights to recover our payment from
anyone liable for an injury covered by this insurance.
You will do everything necessary to protect those
rights for us and to help us enforce them.
I. Actions Against Us
There will be no right of action against us under this
insurance unless:
1. You have complied with all the terms of this poli-
cy; and
2. The amount you owe has been determined with
our consent or by actual trial and final judgment.
This insurance does not give anyone the right to add
us as a defendant in an action against you to deter-
mine your liability. The bankruptcy or insolvency of
you or your estate will not relieve us of our obliga-
tions under this Part.
PART THREE
OTHER STATES INSURANCE
A. How This Insurance Applies
1. This other states insurance applies only if one or
more states are shown in Item 3.C. of the Infor-
mation Page.
2. If you begin work in any one of those states after
the effective date of this policy and are not in-
sured or are not self-insured for such work, all
provisions of the policy will apply as though that
state were listed in Item 3.A. of the Information
Page.
3. We will reimburse you for the benefits required
by the workers compensation law of that state if
we are not permitted to pay the benefits directly
to persons entitled to them.
4. If you have work on the effective date of this pol-
icy in any state not listed in Item 3.A. of the In-
formation Page, coverage will not be afforded for
that state unless we are notified within thirty
days.
B. Notice
Tell us at once if you begin work in any state listed in
Item 3.C. of the Information Page.
PART FOUR
YOUR DUTIES IF INJURY OCCURS
Tell us at once if injury occurs that may be covered
by this policy. Your other duties are listed here.
1. Provide for immediate medical and other ser-
vices required by the workers compensation law.
2. Give us or our agent the names and addresses
of the injured persons and of witnesses, and
other information we may need.
3. Promptly give us all notices, demands and legal
4 of 6
 Copyright 2013 National Council on Compensation Insurance, Inc. All Rights Reserved.
WORKERS COMPENSATION AND EMPLOYERS LIABILITY INSURANCE POLICY WC 00 00 00 C
(Ed. 1-15)
4. 5. 6. papers related to the injury, claim, proceeding
or suit.
Cooperate with us and assist us, as we may re-
quest, in the investigation, settlement or defense
of any claim, proceeding or suit.
Do nothing after an injury occurs that would in-
terfere with our right to recover from others.
Do not voluntarily make payments, assume obli-
gations or incur expenses, except at your own
cost.
PART FIVE
PREMIUM
A. Our Manuals
All premium for this policy will be determined by our
manuals of rules, rates, rating plans and classifica-
tions. We may change our manuals and apply the
changes to this policy if authorized by law or a gov-
ernmental agency regulating this insurance.
B. Classifications
Item 4 of the Information Page shows the rate and
premium basis for certain business or work classifi-
cations. These classifications were assigned based
on an estimate of the exposures you would have
during the policy period. If your actual exposures are
not properly described by those classifications, we
will assign proper classifications, rates and premium
basis by endorsement to this policy.
C. Remuneration
Premium for each work classification is determined
by multiplying a rate times a premium basis. Remu-
neration is the most common premium basis. This
premium basis includes payroll and all other remu-
neration paid or payable during the policy period for
the services of:
1. all your officers and employees engaged in work
covered by this policy; and
2. all other persons engaged in work that could
make us liable under Part One (Workers Com-
pensation Insurance) of this policy. If you do not
have payroll records for these persons, the con-
tract price for their services and materials may
be used as the premium basis. This paragraph 2
will not apply if you give us proof that the em-
ployers of these persons lawfully secured their
workers compensation obligations.
D. Premium Payments
You will pay all premium when due. You will pay the
premium even if part or all of a workers compensa-
tion law is not valid.
E. Final Premium
The premium shown on the Information Page,
schedules, and endorsements is an estimate. The
final premium will be determined after this policy
ends by using the actual, not the estimated, premi-
um basis and the proper classifications and rates
that lawfully apply to the business and work covered
by this policy. If the final premium is more than the
premium you paid to us, you must pay us the bal-
ance. If it is less, we will refund the balance to you.
The final premium will not be less than the highest
minimum premium for the classifications covered by
this policy.
If this policy is canceled, final premium will be de-
termined in the following way unless our manuals
provide otherwise:
1. If we cancel, final premium will be calculated pro
rata based on the time this policy was in force.
Final premium will not be less than the pro rata
share of the minimum premium.
2. If you cancel, final premium will be more than
pro rata; it will be based on the time this policy
was in force, and increased by our short-rate
cancelation table and procedure. Final premium
will not be less than the minimum premium.
F. Records
You will keep records of information needed to com-
pute premium. You will provide us with copies of
those records when we ask for them.
G. Audit
You will let us examine and audit all your records
that relate to this policy. These records include ledg-
ers, journals, registers, vouchers, contracts, tax re-
ports, payroll and disbursement records, and pro-
grams for storing and retrieving data. We may con-
duct the audits during regular business hours during
the policy period and within three years after the pol-
icy period ends. Information developed by audit will
be used to determine final premium. Insurance rate
service organizations have the same rights we have
under this provision.
5 of 6
 Copyright 2013 National Council on Compensation Insurance, Inc. All Rights Reserved.
WC 00 00 00 C (Ed. 1-15)
WORKERS COMPENSATION AND EMPLOYERS LIABILITY INSURANCE POLICY
PART SIX
CONDITIONS
A. Inspection
We have the right, but are not obliged to inspect
your workplaces at any time. Our inspections are not
safety inspections. They relate only to the insurabil-
ity of the workplaces and the premiums to be
charged. We may give you reports on the conditions
we find. We may also recommend changes. While
they may help reduce losses, we do not undertake
to perform the duty of any person to provide for the
health or safety of your employees or the public. We
do not warrant that your workplaces are safe or
healthful or that they comply with laws, regulations,
codes or standards. Insurance rate service organiza-
tions have the same rights we have under this
provision.
B. Long Term Policy
If the policy period is longer than one year and six-
teen days, all provisions of this policy will apply as
though a new policy were issued on each annual
anniversary that this policy is in force.
C. Transfer of Your Rights and Duties
Your rights or duties under this policy may not be
transferred without our written consent.
If you die and we receive notice within thirty days af-
ter your death, we will cover your legal representa-
tive as insured.
D. Cancelation
1. You may cancel this policy. You must mail or de-
liver advance written notice to us stating when
the cancelation is to take effect.
2. We may cancel this policy. We must mail or de-
liver to you not less than ten days advance writ-
ten notice stating when the cancelation is to take
effect. Mailing that notice to you at your mailing
address shown in Item 1 of the Information Page
will be sufficient to prove notice.
3. The policy period will end on the day and hour
stated in the cancelation notice.
4. Any of these provisions that conflict with a law
that controls the cancelation of the insurance in
this policy is changed by this statement to com-
ply with the law.
E. Sole Representative
The insured first named in Item 1 of the Information
Page will act on behalf of all insureds to change this
policy, receive return premium, and give or receive
notice of cancelation.
6 of 6
 Copyright 2013 National Council on Compensation Insurance, Inc. All Rights Reserved.
WORKERS COMPENSATION AND EMPLOYERS LIABILITY INSURANCE POLICY WC 00 04 06 A
(Ed. 7-95)
PREMIUM DISCOUNT ENDORSEMENT
The premium for this policy and the policies, if any, listed in Item 3 of the Schedule may be eligible for a discount. This
endorsement shows your estimated discount in Items 1 or 2 of the Schedule. The final calculation of premium
discount will be determined by our manuals and your premium basis as determined by audit. Premium subject to
retrospective rating is not subject to premium discount.
Schedule
1. State Estimated Eligible Premium
First Next Next
$5,000 $100,000 $500,000 Balance
California 0% 3.5% 5% 7%
2. Average percentage discount: 4.6 %
3. Other policies:
4. If there are no entries in Items 1, 2 and 3 of the Schedule, see the Premium Discount Endorsement attached to
your policy number:
This endorsement changes the policy to which it is attached and is effective on the date issued unless otherwise stated.
(The information below is required only when this endorsement is issued subsequent to preparation of the policy.)
Endorsement Effective Insured Insurance Company 9/1/2026 Policy No. TWP4535131 Endorsement No. 0
Test Premium $ 421,967
Technology Insurance Company, Inc.
Countersigned by
WC 00 04 06 A
(Ed. 7-95)
WORKERS COMPENSATION AND EMPLOYERS LIABILITY INSURANCE POLICY WC 00 04 19
(Ed. 1-01)
PREMIUM DUE DATE ENDORSEMENT
This endorsement is used to amend:
Section D. of Part Five of the policy is replaced by this provision.
PART FIVE
PREMIUM
D. Premium is amended to read:
You will pay all premium when due. You will pay the premium even if part or all of a workers compensation law is
not valid. The due date for audit and retrospective premiums is the date of the billing.
This endorsement changes the policy to which it is attached and is effective on the date issued unless otherwise stated.
(The information below is required only when this endorsement is issued subsequent to preparation of the policy.)
Endorsement Effective
9/1/2026 TWP4535131
Policy No. Endorsement No.
Insured
Premium
Test $421,967
Insurance Company
Technology Insurance
Company, Inc.
Countersigned by ___________________________________________
WC 00 04 19
(Ed. 1-01)
 2000 National Council on Compensation Insurance, Inc.
WORKERS COMPENSATION AND EMPLOYERS LIABILITY INSURANCE POLICY WC 00 04 21 F
(Ed. 08-2022 Countrywide, Ed. 07-2022 in Texas)
Catastrophe (Other Than Certified Acts of Terrorism) Premium Endorsement
This endorsement is notification that we are charging premium to cover the losses that may occur in the event of a
Catastrophe (Other Than Certified Acts of Terrorism) as that term is defined below. Your policy provides coverage for
workers compensation losses caused by a Catastrophe (Other Than Certified Acts of Terrorism). Coverage for such
losses is subject to all terms, definitions, exclusions, and conditions in your policy, and any applicable federal and/or
state laws, rules, or regulations. This premium charge does not provide funding for Certified Acts of Terrorism
contemplated under the Terrorism Risk Insurance Program Reauthorization Act Disclosure Endorsement attached to
this policy.
For purposes of this endorsement, Catastrophe (Other Than Certified Acts of Terrorism) is defined as: A single event
or peril resulting in a group of claims with aggregate workers compensation losses in excess of $50 million. This $50
million threshold applies per occurrence, across all states for which claims arise from a single event or peril.
The premium charge for the coverage your policy provides for workers compensation losses caused by a Catastrophe
(Other Than Certified Acts of Terrorism) is shown in Item 4 of the Information Page or in the Schedule below.
Schedule
State Rate Premium
CA 0.010 $357.00
This endorsement changes the policy to which it is attached and is effective on the date issued unless otherwise stated.
(The information below is required only when this endorsement is issued subsequent to preparation of the policy.)
Endorsement Effective Insured Insurance Company 9/1/2026 Policy No. TWP4535131 Endorsement No. 0
Test Premium $ 421,967
Technology Insurance Company, Inc.
Countersigned by
WC 00 04 21 F
(Ed. 08-2022 Countrywide, Ed. 07-2022 in Texas)
© Copyright 2021 National Council on Compensation Insurance, Inc. All rights reserved.
WORKERS COMPENSATION AND EMPLOYERS LIABILITY INSURANCE POLICY WC 00 04 22 C
(Ed. 01-21)
TERRORISM RISK INSURANCE PROGRAM REAUTHORIZATION ACT DISCLOSURE ENDORSEMENT
This endorsement addresses the requirements of the Terrorism Risk Insurance Act of 2002 as amended and extended by the
Terrorism Risk Insurance Program Reauthorization Act of 2019. It serves to notify you of certain limitations under the Act, and that
your insurance carrier is charging premium for losses that may occur in the event of an Act of Terrorism.
Your policy provides coverage for workers compensation losses caused by Acts of Terrorism, including workers compensation
benefit obligations dictated by state law. Coverage for such losses is still subject to all terms, definitions, exclusions, and
conditions in your policy, and any applicable federal and/or state laws, rules, or regulations.
Definitions
The definitions provided in this endorsement are based on and have the same meaning as the definitions in the Act. If words or
phrases not defined in this endorsement are defined in the Act, the definitions in the Act will apply.
""Act"" means the Terrorism Risk Insurance Act of 2002, which took effect on November 26, 2002, and any amendments thereto,
including any amendments resulting from the Terrorism Risk Insurance Program Reauthorization Act of 2019.
""Act Of Terrorism"" means any act that is certified by the Secretary of the Treasury, in consultation with the Secretary of Homeland
Security, and the Attorney General of the United States, as meeting all of the following requirements:
a. b. c.
d.
The act is an act of terrorism.
The act is violent or dangerous to human life, property, or infrastructure.
The act resulted in damage within the United States, or outside of the United States in the case of the premises of United
States missions or certain air carriers or vessels.
The act has been committed by an individual or individuals as part of an effort to coerce the civilian population of the United
States or to influence the policy or affect the conduct of the United States Government by coercion.
""Insured Loss"" means any loss resulting from an act of terrorism (and, except for Pennsylvania, including an act of war, in the case
of workers compensation) that is covered by primary or excess property and casualty insurance issued by an insurer if the loss
occurs in the United States or at the premises of United States missions or to certain air carriers or vessels.
""Insurer Deductible"" means, for the period beginning on January 1, 2021, and ending on December 31, 2027, an amount equal to
20% of our direct earned premiums during the immediately preceding calendar year.
Limitation of Liability
The Act limits our liability to you under this policy. If aggregate Insured Losses exceed $100,000,000,000 in a calendar year and if
we have met our Insurer Deductible, we are not liable for the payment of any portion of the amount of Insured Losses that exceeds
$100,000,000,000; and for aggregate Insured Losses up to $100,000,000,000, we will pay only a pro rata share of such Insured
Losses as determined by the Secretary of the Treasury.
Policyholder Disclosure Notice
1. Insured Losses would be partially reimbursed by the United States Government. If the aggregate industry Insured Losses
occurring in any calendar year exceed $200,000,000, the United States Government would pay 80% of our Insured Losses
that exceed our Insurer Deductible.
2. Notwithstanding item 1 above, the United States Government will not make any payment under the Act for any portion of
Insured Losses that exceed $100,000,000,000.
3. The premium charge for the coverage your policy provides for Insured Losses is included in the amount shown in Item 4 of
the Information Page or in the Schedule below.
WC 00 04 22 C
(Ed. 01-21)
© Copyright 2020 National Council on Compensation Insurance, Inc. All Rights Reserved.
WORKERS COMPENSATION AND EMPLOYERS LIABILITY INSURANCE POLICY WC 00 04 22 C
(Ed. 01-21)
Schedule
State Rate Premium
CA 0.03 $1,070.00
This endorsement changes the policy to which it is attached and is effective on the date issued unless otherwise stated.
(The information below is required only when this endorsement is issued subsequent to preparation of the policy.)
Endorsement Effective Insured Insurance Company 9/1/2026 Policy No. TWP4535131 Endorsement No. 0
Test Premium $ 421,967
Technology Insurance Company, Inc.
Countersigned by
WC 00 04 22 C
(Ed. 01-21)
© Copyright 2020 National Council on Compensation Insurance, Inc. All Rights Reserved.
WORKERS COMPENSATION AND EMPLOYERS LIABILITY INSURANCE POLICY WC 04 03 01 D
(Ed. 02-18)
POLICY AMENDATORY ENDORSEMENT–CALIFORNIA
It is agreed that, anything in the policy to the contrary notwithstanding, such insurance as is afforded by this policy by reason of
the designation of California in Item 3 of the Information Page is subject to the following provisions:
1. 2. 3. 4. 5. 6. 7. 8. Minors Illegally Employed – Not Insured. This policy does not cover liability for additional compensation imposed on you
under Section 4557, Division IV, Labor Code of the State of California, by reason of injury to an employee under sixteen
years of age and illegally employed at the time of injury.
Punitive or Exemplary Damages – Uninsurable. This policy does not cover punitive or exemplary damages where
insurance of liability therefor is prohibited by law or contrary to public policy.
Increase in Indemnity Payment – Reimbursement. You are obligated to reimburse us for the amount of increase in
indemnity payments made pursuant to Subdivision (d) of Section 4650 of the California Labor Code, if the late indemnity
payment which gives rise to the increase in the amount of payment is due less than seven (7) days after we receive the
completed claim form from you. You are obligated to reimburse us for any increase in indemnity payments not covered under
this policy and will reimburse us for any increase in indemnity payment not covered under the policy when the aggregate total
amount of the reimbursement payments paid in a policy year exceeds one hundred dollars ($100).
If we notify you in writing, within 30 days of the payment, that you are obligated to reimburse us, we will bill you for the
amount of increase in indemnity payment and collect it no later than the final audit. You will have 60 days, following notice of
the obligation to reimburse, to appeal the decision of the insurer to the Department of Insurance.
Application of Policy. Part One, “Workers Compensation Insurance”, A, “How This Insurance Applies”, is amended to read
as follows:
This workers compensation insurance applies to bodily injury by accident or disease, including death resulting therefrom.
Bodily injury by accident must occur during the policy period. Bodily injury by disease must be caused or aggravated by the
conditions of your employment. Your employee’s exposure to those conditions causing or aggravating such bodily injury by
disease must occur during the policy period.
Rate Changes. The premium and rates with respect to the insurance provided by this policy by reason of the designation of
California in Item 3 of the Information Page are subject to change if ordered by the Insurance Commissioner of the State of
California pursuant to Section 11737 of the California Insurance Code.
Long Term Policy. If this policy is written for a period longer than one year, all the provisions of this policy shall apply
separately to each consecutive twelve-month period or, if the first or last consecutive period is less than twelve months, to
such period of less than twelve months, in the same manner as if a separate policy had been written for each consecutive
period.
Statutory Provision. Your employee has a first lien upon any amount which becomes owing to you by us on account of this
policy, and in the case of your legal incapacity or inability to receive the money and pay it to the claimant, we will pay it
directly to the claimant.
Part Five, “Premium”, E, “Final Premium”, is amended to read as follows:
The premium shown on the Information Page, schedules, and endorsements is an estimate. The final premium will be
determined after this policy ends by using the actual, not the estimated, premium basis and the proper classifications and
rates that lawfully apply to the business and work covered by this policy. If the final premium is more than the premium you
paid to us, you must pay us the balance. If it is less, we will refund the balance to you. The final premium will not be less than
the highest minimum premium for the classifications covered by this policy.
If this policy is canceled, final premium will be determined in the following way unless our manuals provide otherwise:
a. b. If we cancel, final premium will be calculated pro rata based on the time this policy was in force. Final premium will not
be less than the pro rata share of the minimum premium.
If you cancel, final premium may be more than pro rata; it will be based on the time this policy was in force, and may be
increased by our short-rate cancelation table and procedure. Final premium will not be less than the pro rata share of the
minimum premium.
1 of 2
WORKERS COMPENSATION AND EMPLOYERS LIABILITY INSURANCE POLICY WC 04 03 01 D
(Ed. 02-18)
It is further agreed that this policy, including all endorsements forming a part thereof, constitutes the entire contract of insurance.
No condition, provision, agreement, or understanding not set forth in this policy or such endorsements shall affect such contract
or any rights, duties, or privileges arising therefrom.
This endorsement changes the policy to which it is attached and is effective on the date issued unless otherwise stated.
(The information below is required only when this endorsement is issued subsequent to preparation of the policy.)
9/1/2026 TWP4535131
Endorsement Effective Policy No. Endorsement No.
Test
Insured Insurance Company
Technology Insurance Company, Inc.
Countersigned by
Countersigned By
2 of 2
WORKERS COMPENSATION AND EMPLOYERS LIABILITY INSURANCE POLICY WC 04 03 10
(Ed. 01-95)
DUTY TO DEFEND-CALIFORNIA
The insurance afforded by Part One, Section C,""We Will Defend"", is hereby deleted and replaced with the following:
WE WILL DEFEND
We have the right and duty to defend at our expense any claim or proceeding against you before the California Workers'
Compensation Appeals Board or its equivalent in any other state (and any appeal of a decision therefrom) for the benefits payable
by this workers’ compensation insurance. We have the right to investigate and settle these claims or proceedings.
We have no duty to defend a claim, proceeding, or suit that is not covered by this insurance.
Nothing contained in this Section shall amend, modify, restrict, or otherwise alter any obligations or conditions under Part Two –
Employer’s Liability Insurance of the policy.
This endorsement changes the policy to which it is attached and is effective on the date issued unless otherwise stated.
(The information below is required only when this endorsement is issued subsequent to preparation of the policy.)
Endorsement Effective Insured Insurance Company 9/1/2026 Policy No. TWP4535131 Endorsement No. 0
Test Premium $ 421,967
Technology Insurance Company, Inc.
Countersigned by
WC 04 03 10
(Ed. 01-95)
WORKERS COMPENSATION AND EMPLOYERS LIABILITY INSURANCE POLICY WC 04 03 60 B
(Ed. 1-15)
EMPLOYERS’ LIABILITY COVERAGE AMENDATORY ENDORSEMENT-CALIFORNIA
The insurance afforded by Part Two (Employers’ Liability Insurance) by reason of designation of California in item 3 of the
information page is subject to the following provisions:
A. ""How This Insurance Applies,"" is amended to read as follows:
A.
How This Insurance Applies
This employers’ liability insurance applies to bodily injury by accident or bodily injury by disease. Bodily injury means a
physical injury, including resulting death.
1.
The bodily injury must arise out of and in the course of the injured employee’s employment by you.
2.
The employment must be necessary or incidental to your work in California.
3.
Bodily injury by accident must occur during the policy period.
4.
Bodily injury by disease must be caused or aggravated by the conditions of your employment. The employee’s last day
of last exposure to the conditions causing or aggravating such bodily injury by disease must occur during the policy
period.
5.
If you are sued, the original suit and any related legal actions for damages for bodily injury by accident or by disease
must be brought in the United States of America, its territories or possessions, or Canada.
E.
The ""Exclusions"" section is modified as follows (all other exclusions in the ""Exclusions""Section remain As Is):
1.
2.
3.
4.
Exclusion 1 is amended to read as follows:
1.
liability assumed under a contract.
Exclusion 2 is deleted.
Exclusion 7 is amended to read as follows:
7.
damages arising out of coercion, criticism, demotion, evaluation, reassignment, discipline, defamation, harassment,
humiliation, discrimination against or termination of any employee, termination of employment, or any personnel
practices, policies, acts or omissions.
The following exclusions are added:
1.
bodily injury to any member of the flying crew of any aircraft.
2.
bodily injury to an employee when you are deprived of statutory or common law defenses or are subject to penalty
because of your failure to secure your obligations under the workers’ compensation law(s) applicable to you or
otherwise fail to comply with that law.
3.
liability arising from California Labor Code Section 2810.3 which relates to labor contracting.
This endorsement changes the policy to which it is attached and is effective on the date issued unless otherwise stated.
(The information below is required only when this endorsement is issued subsequent to preparation of the policy.)
Endorsement Effective Insured 9/1/2026 Policy No. TWP4535131 Test
Endorsement No. 0
Insurance Company Technology Insurance Company, Inc.
Countersigned by
WC 04 03 60 B
(Ed. 1-15)
© Copyright 2015 by the Workers' Compensation Insurance Rating Bureau of California. All rights reserved. From
the WCIRB's California Workers' Comensation Insurance Forms Manual © 2001.
WORKERS COMPENSATION AND EMPLOYERS LIABILITY INSURANCE POLICY WC 04 04 21
(Ed. 1-08)
OPTIONAL PREMIUM INCREASE ENDORSEMENT – CALIFORNIA
You must provide us, or our authorized representative, access to records necessary to perform a payroll verification audit. If you fail
to provide access within 90 days after expiration of the policy, you are liable to pay a total premium equal to 3 times our current
estimate of the annual premium for your policy. In addition, if you fail to provide access after our third request within a 90 day or
longer period, you are also liable for our costs in attempting to perform the audit unless you provide a compelling business reason
for your failure.
We will contact you to schedule appointments during normal business hours.
We will notify you of your failure to provide access by mailing a certified, return-receipt document stating the increased premium
and the total amount of our costs incurred in our attempt(s) to perform an audit. In addition to any other obligations under this
contract, 30 days after you receive the notification, you will be obligated to pay the total premium and costs referenced above. If,
thereafter, you provide access to your records within three years after the policy expires, or within another mutually agreed upon
time, and we succeed in performing the audit to our satisfaction, we will revise your total premium and the costs due to reflect the
results of the audit.
This endorsement changes the policy to which it is attached and is effective on the date issued unless otherwise stated.
(The information below is required only when this endorsement is issued subsequent to preparation of the policy.)
Endorsement Effective Insured Insurance Company 9/1/2026 Policy No. TWP4535131 Endorsement No. 0
Test Premium $ 421,967
Technology Insurance Company, Inc.
Countersigned by
WC 04 04 21
(Ed. 1-08)
© Copyright 2007 National Council on Compensation Insurance, Inc. All Rights Reserved.
WORKERS COMPENSATION AND EMPLOYERS LIABILITY INSURANCE POLICY WC 04 06 01 B
(Ed. 01-22)
CALIFORNIA CANCELATION ENDORSEMENT
This endorsement applies only to the insurance provided by the policy because California is shown in Item 3.A. of the Information
Page.
The cancelation condition in Part Six (Conditions) of the policy is replaced by these conditions:
Cancelation
1.
2.
You may cancel this policy. You must mail or deliver advance written notice to us stating when the cancelation is to take effect.
We may cancel this policy for one or more of the following reasons:
a.
Non-payment of premium;
b.
Failure to report payroll;
c.
d.
Failure to permit us to audit payroll as required by the terms of this policy or of a previous policy issued by us;
Failure to pay any additional premium resulting from an audit of payroll required by the terms of this policy or any previous
policy issued by us;
e.
f.
Material misrepresentation made by you or your agent;
Failure to cooperate with us in the investigation of a claim;
g.
Material failure to comply with federal or state safety orders or written recommendations of our designated loss control
representatives;
h.
i.
The occurrence of a material change in the ownership of your business;
The occurrence of any change in your business or operations that materially increases the hazard for frequency or severity
of loss;
j.
The occurrence of any change in your business or operation that requires additional or different classification for premium
calculation;
k.
The occurrence of any change in your business or operation which contemplates an activity excluded by our reinsurance
treaties
3.
If we cancel your policy for any of the reasons listed in (a) through (f), we will give you 10 days advance written notice, stating
when the cancelation is to take effect. Mailing that notice to you at your mailing address shown in Item 1 of the Information
Page will be sufficient to prove notice. If we cancel your policy for any of the reasons listed in Items (g) through (k), we will give
you 30 days advance written notice; however, we agree that in the event of cancelation and reissuance of a policy effective
upon a material change in ownership or operations, notice will not be provided.
4.
If we mail the notice to you, the stated periods of notice and your right to remedy the condition will be extended by 5 days if the
place of mailing and your mailing address is within California, 10 days if the place of mailing or your mailing address is outside
of California and 20 days if the place of mailing or your mailing address is outside of the United States.
5.
The policy period will end on the day and hour stated in the cancelation notice.
This endorsement changes the policy to which it is attached and is effective on the date issued unless otherwise stated.
(The information below is required only when this endorsement is issued subsequent to preparation of the policy.)
Endorsement Effective Insured Insurance Company 9/1/2026 Policy No. TWP4535131 Endorsement No. 0
Test Premium $ 421,967
Technology Insurance Company, Inc.
Countersigned by
WC 04 06 01 B
(Ed. 01-22)"
POL3231234545,Sophia Martinez,2022-11-03,2024-11-03,"TECHNOLOGY INSURANCE COMPANY, INC.
[ 59 Maiden Lane 43rd Floor
New York, NY 10038 ]
WORKERS' COMPENSATION
and
EMPLOYERS’ LIABILITY INSURANCE POLICY
In Witness Whereof, we have caused this policy to be executed and attested.
[ ] [ ]
[ Stephen Ungar, Secretary ] [ Christopher H. Foy, President ]
To obtain information, please contact your agent or Technology Insurance Company, Inc.
at 877-528-7878. You may also write Technology Insurance Company, Inc. Consumer
Relations at:
800 Superior Avenue East, 21st Floor
Cleveland, OH 44114
WC 99 00 00 B
(The information below is required only when this endorsement is issued subsequent to preparation of the policy.)
Endorsement Effective 9/1/2026 Policy No. TWP4535131 Endorsement No. 0
Insured Test Premium $ 421967
Insurance Company Technology Insurance Company, Inc.
PN049902B
(Ed. 05-02)
POLICYHOLDER NOTICE
CALIFORNIA WORKERS’ COMPENSATION
INSURANCE RATING LAWS
Pursuant to Section 11752.8 of the California Insurance Code, we are providing you with an explanation of the California
workers’ compensation rating laws.
1. 2. 3. 4. 5. 6. 7. We establish our own rates for workers’ compensation. Our rates, rating plans, and related information are filed with
the insurance commissioner and are open for public inspection.
The insurance commissioner can disapprove our rates, rating plans, or classifications only if he or she has
determined after public hearing that our rates might jeopardize our ability to pay claims or might create a monopoly in
the market. A monopoly is defined by law as a market where one insurer writes 20% or more of that part of the
California workers’ compensation insurance that is not written by the State Compensation Insurance Fund. If the
insurance commissioner disapproves our rates, rating plans, or classifications, he or she may order an increase in the
rates applicable to outstanding policies.
Rating organizations may develop pure premium rates that are subject to the insurance commissioner’s approval. A
pure premium rate reflects the anticipated cost and expenses of claims per $100 of payroll for a given classification.
Pure premium rates are advisory only, as we are not required to use the pure premium rates developed by any rating
organization in establishing our own rates.
We must adhere to a single, uniform experience rating plan. If you are eligible for experience rating under the plan,
we will be required to adjust your premium to reflect your claim history. A better claim history generally results in a
lower experience rating modification; more claims, or more expensive claims, generally result in a higher experience
rating modification. The uniform experience rating plan, which is developed by the insurance rating organization
designated by the insurance commissioner, is subject to approval by the insurance commissioner.
A standard classification system, developed by the insurance rating organization designated by the insurance
commissioner, is subject to approval by the insurance commissioner. The standard classification system is a method
of recognizing and separating policyholders into industry or occupational groups according to their similarities and/or
differences. We can adopt and apply the standard classification system or develop and apply our own classification
system, provided we can report the payroll, expenses, and other costs of claims in a way that is consistent with the
uniform statistical plan or the standard classification system.
Our rates and classifications may not violate the Unruh Civil Rights Act or be unfairly discriminatory.
We will provide an appeal process for you to appeal the way we rate your insurance policy. The process requires us
to respond to your written appeal within 30 days. If you are not satisfied with the result of your appeal, you may appeal
our decision to the insurance commissioner.
California Workers’ Compensation Insurance
Notice of Nonrenewal
Section 11664 of the California Insurance Code requires us, in most instances, to provide you with a notice of
nonrenewal. Except as specified in paragraphs 1 through 6 below, if we elect to nonrenew your policy, we are required to
deliver or mail to you a written notice stating the reason or reasons for the nonrenewal of the policy. The notice is required
to be sent to you no earlier than 120 days before the end of the policy period and no later than 30 days before the end of
the policy period. If we fail to provide you the required notice, we are required to continue the coverage under the policy
with no change in the premium rate until 60 days after we provide you with the required notice.
1 of 2
PN049902B
(Ed. 05-02)
We are not required to provide you with a notice of nonrenewal in any of the following situations:
1. 2. 3. 4. 5. 6. Your policy was transferred or renewed without a change in its terms or conditions or the rate on which the premium
is based to another insurer or other insurers who are members of the same insurance group as us.
The policy was extended for 90 days or less and the required notice was given prior to the extension.
You obtained replacement coverage or agreed, in writing, within 60 days of the termination of the policy, to obtain that
coverage.
The policy is for a period of no more than 60 days and you were notified at the time of issuance that it may not be
renewed.
You requested a change in the terms or conditions or risks covered by the policy within 60 days prior to the end of the
policy period.
We made a written offer to you to renew the policy at a premium rate increase of less than 25 percent.
(A) If the premium rate in your governing classification is to be increased 25 percent or greater and we intend to
renew the policy, we shall provide a written notice of a renewal offer not less than 30 days prior to the policy
renewal date. The governing classification shall be determined by the rules and regulations established in
accordance with California Insurance Code Section 11750.3(c).
(B) For purposes of this Notice, “premium rate” means the cost of insurance per unit of exposure prior to the
application of individual risk variations based on loss or expense considerations such as scheduled rating and
experience rating.
This notice does not change the policy to which it is attached.
2 of 2
PN049904
(Ed. 12-04)
POLICYHOLDER NOTICE
CALIFORNIA INSURANCE GUARANTEE ASSOCIATION (CIGA) SURCHARGE
Companies writing property and casualty insurance business in California are required to participate in the California
Insurance Guarantee Association. If a company becomes insolvent, the California Insurance Guarantee Association
settles unpaid claims and assesses each insurance company for its fair share.
California law requires all companies to surcharge policies to recover these assessments. If your policy is surcharged,
“CA Surcharge” or “CA Surcharge (CIGA Surcharge)” with an amount will be displayed on your premium notice.
This notice does not change the policy to which it is attached.
PN 04 99 01 J
(Ed. 06-25)
POLICYHOLDER NOTICE
YOUR RIGHT TO RATING AND DIVIDEND INFORMATION
I.
Information Available to You
A. Information Available from Us AmTrust Insurance Company
Technology Insurance Company, Inc.
(1) General questions regarding your policy should be directed to:
AmTrust Insurance Company
Technology Insurance Company, Inc.
800 Superior Avenue East, 21st Floor
800 Superior Ave. E., 21st Floor
Cleveland, OH 44114
Cleveland, OH 44114
(877) 528-7878
www.amtrustfinancial.com
(2) Dividend Calculation. If this is a participating policy (a policy on which a dividend may be paid), upon payment or non-
payment of a dividend, we shall provide a written explanation to you that sets forth the basis of the dividend calculation. The
explanation will be in clear, understandable language and will express the dividend as a dollar amount and as a percentage of
the earned premium for the policy year on which the dividend is calculated.
(3) Claims Information. Pursuant to Sections 3761 and 3762 of the California Labor Code, you are entitled to receive information
in our claim files that affects your premium. Copies of documents will be supplied at your expense during reasonable business
hours.
For claims covered under this policy, we will estimate the ultimate cost of unsettled claims for statistical purposes eighteen
Bureau of California (WCIRB) no later than twenty months after the policy becomes effective. The cost of any settled claims
will also be reported at that time. At twelve-month intervals thereafter, we will update and report to the WCIRB the estimated
cost of any unsettled claims and the actual final cost of any claims settled in the interim. The amounts we report will be used
by the WCIRB to compute your experience modification if you are eligible for experience rating.
B.
(1)
(2) (3) II.
A.
such, the WCIRB is responsible for administering the
1995 (USRP) and the 1995 (ERP). WCIRB contact information is:
WCIRB, One Montgomery Street, Suite 400, San Francisco, CA 94104, Attn: Customer Service; 888.229.2472 (phone);
415.778.7272 (fax); and customerservice@wcirb.com (email). The regulations contained in the USRP and ERP are available
wcirb.com.
Policyholder Information. Pursuant to California Insurance Code (CIC) Section 11752.6, upon written request, you are
entitled to information relating to loss experience, claims, classification assignments, and policy contracts as well as rating
plans, rating systems, manual rules, or other information impacting your premium that is maintained in the records of the
WCIRB. Complaints and Requests for Action requesting policyholder information should be forwarded to: WCIRB, One
Montgomery Street, Suite 400, San Francisco, CA 94104, Attn: Custodian of Records. The Custodian of Records can be
reached at 415.777.0777 (phone) and 415.778.7272 (fax).
Experience Rating Form. Each experience rated risk may receive a single copy of its current Experience Rating
website at wcirb.com/ratesheet. The Experience Rating Form/Worksheet will include a Loss-Free Rating, which is the
experience modification that would have been calculated if $0 (zero) actual losses were incurred during the experience period.
This hypothetical rating calculation is provided for informational purposes only.
Dispute Process
You may dispute our actions or the actions of the WCIRB pursuant to CIC Sections 11737 and 11753.1.
Our Dispute Resolution Process.
If you are aggrieved by our decision adopting a change in a classification assignment that results in increased premium, or by
the application of our
are dissatisfied with the outcome of the initial dispute with us, you may send us a written Complaint and Request for Action as
outlined below.
You may send us a written Complaint and Request for Action requesting that we reconsider a change in a classification
assignment that results in an increased premium and/or requesting that we review the manner in which our rating system has
been applied in connection with the insurance afforded or offered you. Written Complaints and Requests for Action should be
AmTrust North America, Inc., 1 Park Plaza, Suite 800, Irvine, CA 92614, or Telephone: (877) 528-7878 or
forwarded to: AmTrust North America, Inc., 1 Park Plaza, Suite 800, Irvine, CA 92614, or Telephone: (877) 528-7878 or
by email at: amtrustcomplaints@amtrustgroup.com.
by email at: amtrustcomplaints@amtrustgroup.com
After you send your Complaint and Request for Action, we have 30 days to send you a written notice indicating whether your
written request will be reviewed. If we agree to review your request, we must conduct the review and issue a decision granting
or rejecting your request within 60 days after sending you the written notice granting review. If we decline to review your
PN 04 99 01 J (Ed. 06-25)
1 of 2
PN 04 99 01 J
(Ed. 06-25)
B. request, if you are dissatisfied with the decision upon review, or if we fail to grant or reject your request or issue a decision
upon review, you may appeal to the Insurance Commissioner as described in paragraph II.C., below.
Disputing the Actions of the WCIRB. If you have been aggrieved by any decision, action, or omission to act of the WCIRB,
you may request, in writing, that the WCIRB reconsider its decision, action, or omission to act. You may also request, in
writing, that the WCIRB review the manner in which its rating system has been applied in connection with the insurance
afforded or offered you. For requests related to classification disputes, the reporting of experience, or coverage issues, your
initial request for review must be received by the WCIRB within 12 months after the expiration date of the policy to which the
request for review pertains, except if the request involves the application of the Revision of Losses rule. For requests related to
your experience modification, your initial request for review must be received by the WCIRB within 6 months after the
issuance, or 12 months after the expiration date, of the experience modification to which the request for review pertains,
whichever is later, except if the request for review involves the application of the Revision of Losses rule. If the request
involves the Revision of Losses rule, the time to state your appeal may be longer. (See Section VI, Rule 7 of the ERP).
You may commence the review process by sending the WCIRB a written Inquiry. Written Inquiries should be sent to: WCIRB,
One Montgomery Street, Suite 400, San Francisco, CA 94104, Attn: Customer Service. Customer Service can be
reached at 888.229.2472 (phone), 415.778.7272 (fax) and customerservice@wcirb.com (email).
C. III. A. B. ipt
of the Inquiry, you may pursue the subject of the Inquiry by sending the WCIRB a written Complaint and Request for Action.
After you send your Complaint and Request for Action, the WCIRB has 30 days to send you written notice indicating whether
your written request will be reviewed. If the WCIRB agrees to review your request, it must conduct the review and issue a
decision granting or rejecting your request within 60 days after sending you the written notice granting review. If the WCIRB
declines to review your request, if you are dissatisfied with the decision upon review, or if the WCIRB fails to grant or reject
your request or issue a decision upon review, you may appeal to the Insurance Commissioner as described in paragraph II.C.,
below. Written Complaints and Requests for Action should be forwarded to: WCIRB, One Montgomery Street, Suite 400,
San Francisco, CA 94104, Attn: Com
(phone), 415.371.5204 (fax) and customerservice@wcirb.com (email).
California Department of Insurance Appeals to the Insurance Commissioner. After you follow the appropriate dispute
resolution process described above, if (1) we or the WCIRB decline to review your request, (2) you are dissatisfied with the
decision upon review, or (3) we or the WCIRB fail to grant or reject your request or issue a decision upon review, you may
appeal to the Insurance Commissioner pursuant to CIC Sections 11737, 11752.6, 11753.1 and Title 10, California Code of
Regulations, Section 2509.40 et seq. You must file your appeal within 30 days after we or the WCIRB send you the notice
rejecting review of your Complaint and Request for Action or the decision upon your Complaint and Request for Action. If no
written decision regarding your Complaint and Request for Action is sent, your appeal must be filed within 120 days after you
sent your Complaint and Request for Action to us or to the WCIRB. The filing address for all appeals to the Insurance
Commissioner is:
Administrative Hearing Bureau
California Department of Insurance
1901 Harrison Street, 3rd Floor Mailroom
Oakland, CA 94612
415.538.4243
You have the right to a hearing before the Insurance Commissioner, and our action, or the action of the WCIRB, may be
affirmed, modified or reversed.
Resources Available to You in Obtaining Information and Pursuing Disputes
Policyholder Ombudsman. Pursuant to California Insurance Code Section 11752.6, a policyholder ombudsman is available
at the WCIRB to assist you in obtaining and evaluating the rating, policy, and claims information referenced in I.A. and I.B.,
above. The ombudsman may advise you on any dispute with us, the WCIRB, or on an appeal to the Insurance Commissioner
pursuant to Section 11737 of the Insurance Code. The address of the policyholder ombudsman is WCIRB, One Montgomery
Street, Suite 400, San Francisco, CA 94104, Attn: Policyholder Ombudsman. The policyholder ombudsman can be reached at
415.778.7159 (phone), 415.371.5288 (fax) and ombudsman@wcirb.com (email).
California Department of Insurance Information and Assistance. Information and assistance on policy questions can be
obtained from the Department of Insurance Consumer HOTLINE, 800.927.HELP (4357) or insurance.ca.gov. For questions
and correspondence regarding appeals to the Administrative Hearing Bureau, see the contact information in paragraph II.C.
This notice does not change the policy to which it is attached.
PN 04 99 01 J (Ed. 06-25)
2 of 2
California Short-Rate Cancellation Disclosure Notice
IMPORTANT INFORMATION REGARDING YOUR POLICY
The policy for which you have applied contains a cancellation provision that permits us
to refund premium on a basis other than pro rata when you cancel the policy. Under the
policy for which you have applied, if you cancel the policy, your final premium will be
calculated based on the time your policy was in force with us, using the percentage
specified in the short-rate cancellation table listed below.
SHORT RATE CANCELLATION TABLE FOR A TERM OF ONE YEAR
www.amtrustinsurance.com I 877.528.7878
Workers’ Compensation
Claim Reporting Information
24/7 Claim Reporting for All States
Website Phone Number Nurse Triage
www.amtrustfinancial.com
(888)239-3909
If the injured employee is available by phone and has not already
received medical care, call 888.239.3909 to report claim and select
the option to speak to a nurse to discuss treatment options.
Information Required for All Claims Reported
1. 2. 3. Name of the insured and policy number
Name and contact information of injured worker
Date, time and place of accident
4. 5. 6. Description of accident or incident
Name, phone, and/or email of person making the report
Any information on the injured workers lost time
Early claim reporting is essential to a better claim outcome. Don’t delay reporting if you do not have all
the details.
How do I help my injured worker find a doctor?
•
•
•
•
If nurse triage is utilized per the above, assistance will be provided in locating an in-network facility in the area
We also offer an online physician search for all states, www.talispoint.com/amtrust/external
For California, www.talispoint.com/amtrust/campn
For CO, GA, PA & TN, please refer to panel provided by AmTrust via mail or email
How does my injured employee receive prescription medications related to the accident/injury?
•
Refer to the claims kit for your state at www.talispoint.com/amtrust/external for a First Fill card for your injured employee to use at the
pharmacy to cover the cost of approved medication.
Timely Reporting
When a work-related injury occurs, it is important to act immediately. Timely reporting of a new claim helps to provide a smooth and
successful claim process for both you and your injured worker.
We’re Here To Help
After your claim has been filed, we may be in touch to obtain
additional information. Our goal is to offer a smooth and hassle-free
experience – from your first contact to the claims conclusion. Feel
free to also call us with any questions. We’re here to help.
Relax And Stay Positive
You have the assurance of our knowledge, expertise,
and understanding of the claim process. We’re with
you all the way.
AmTrust is AmTrust Financial Services, Inc., located at 59 Maiden Lane, New York, NY 10038.
Coverages are provided by its affiliated property and casualty insurance companies. Consult
the applicable policy for specific terms, conditions, limits and exclusions to coverage. For full
legal disclaimer information, including Texas and Washington writing companies, visit: www.
amtrustfinancial.com/about-us/legal-disclaimer. © 2024, AmTrust Financial Services, Inc.
MKT6310 05/25
February XX, 2017
Dear Policyholder,
In an effort to provide AmTrust customers with a variety of billing options, the below fee structure
will be applied to your new policy.
This fee structure helps customers to meet payment due dates, ensures that valid and properly
funded payments are submitted, and provides an incentive for paid-in-full options.
Our fee structure is as follows:
Fee Title Fee Amount Description
Returned Payment Fee $25 A returned payment fee applied to any returned payment.
Late Fee $20 Late fee applied if payment not received on or before
payment due date.
Installment Fee $15 Reinstatement Fee $50 EFT Fee $3 An “electronic” billing fee that is assessed for each ACH
Direct Debit transaction. Fee is billed at the account level.
A “paper” billing fee that is assessed for each mailed
installment invoice. Excludes down payment and annual
payment plans. Fee is billed at the account level.
Fee applied upon reinstatement of a non-payment
cancellation.
*Fee amount may vary by state and program of business
For policyholders who choose to pay their annual premium on installments, we plan to implement
an installment fee, which will be displayed on your renewal invoice.
Thank you for your attention. If you have any questions, feel free to contact our Customer Service
Department at 877.528.7878.
We value you as a policyholder and appreciate the opportunity to serve you.
Sincerely,
AmTrust North America
Customer Service Department
800 Superior Avenue E • 21st Floor • Cleveland, OH 44114
(p) 866.203.3037 • (f) 800.487.9654 • www.amtrustnorthamerica.com
Technology Insurance Company, Inc.
A Stock Insurance Company
WORKERS COMPENSATION AND EMPLOYERS LIABILITY WC 99 00 01 E
1 of 5
INSURANCE POLICY INFORMATION PAGE
Ncci Code: 39071
1. Insured:
Test
123 Mystery Machine Street
Sun Valley, CA 91353
Other workplaces not shown above:
None
Producer:
AmTrust Testing Company
1001 Baltimore Pike Suite 307 test1
Pittsburgh, PA 15213
Policy Number: TWP4535131
Individual Partnership
X Married Joint Sole Proprietorship
Corporation or
Federal Tax ID: 373057956
Risk Id:
Renewal of: New
2. The policy period is from 9/1/2026 to 9/1/2027 12:01 a.m. at the insured's mailing address.
3. A. B. Workers Compensation Insurance: Part One of the policy applies to the Workers Compensation Law of
the states listed here: California
Employers Liability Insurance: Part Two of the policy applies to work in each state listed in item 3.A.
The limits of our liability under Part Two are:
State Bodily Injury by Accident Bodily Injury by Disease Bodily Injury by Disease
C. D. $1,000,000 each accident $1,000,000 policy limit $1,000,000 each employee
Other States Insurance: Part Three of the policy applies to the states, if any, listed here:
All states except ND, OH, WA, WY and State(s) Designated in Item 3.A
This policy includes these endorsements and schedules: See Extension of Information Page
4. The premium for this policy will be determined by our Manuals of Rules, Classifications, Rates and Rating
Plans. All information required below is subject to verification and change by audit.
See Extension of Information Page
TOTAL ESTIMATED ANNUAL PREMIUM 421,967
STATE ASSESSMENT 21,255
TOTAL ESTIMATED COST 443,222
Minimum Premium 500
Deposit Premium 443,222
Issue Date: 10/1/2025 Countersigned by:
Authorized Representative
Servicing/Issuing Office: 1001 Baltimore Pike Suite 307 test1
Pittsburgh, PA. 15213
Technology Insurance Company, Inc. WC 99 00 01 E
2 of 5
WORKERS COMPENSATION AND EMPLOYERS LIABILITY INSURANCE
POLICY INFORMATION PAGE
Insured: Test Policy Number: TWP4535131
EXTENSION OF INFORMATION PAGE FOR ITEM #1
ITEM 1: NAMED INSURED and WORKPLACES
NAMED INSURED: Test Fein: 373057956
WORKPLACES: Location Number 1.
123 Mystery Machine Street
Sun Valley, CA 91353
Technology Insurance Company, Inc. WC 99 00 01 E
3 of 5
WORKERS COMPENSATION AND EMPLOYERS LIABILITY INSURANCE
POLICY INFORMATION PAGE
Insured: Test Policy Number: TWP4535131
EXTENSION OF INFORMATION PAGE FOR ITEM #3.D
ITEM 3.D: ENDORSEMENT SCHEDULE
State Form Number Description
WC990001E DECLARATIONS PAGE
CA 34-2005 1008 CA Important Notice
WC000000C WORKERS COMPENSATION AND EMPLOYERS LIABILITY INSURANCE POLICY
WC000406A PREMIUM DISCOUNT ENDORSEMENT
WC000419 PREMIUM DUE DATE ENDORSEMENT
WC000421F CATASTROPHE (OTHER THAN CERTIFIED ACTS OF TERRORISM) PREMIUM
ENDORSEMENT
WC000422C TERRORISM RISK INSURANCE PROGRAM REAUTHORIZATION ACT
DISCLOSURE ENDORSEMENT
CA WC040301D POLICY AMENDATORY ENDORSEMENT CALIFORNIA
CA WC040310 CA DUTY TO DEFEND
CA WC040360B EMPLOYERS’ LIABILITY COVERAGE AMENDATORY ENDORSEMENT -
CALIFORNIA
CA WC040421 CA OPTIONAL PREMIUM INCREASE ENDORSEMENT
CA WC040601B CALIFORNIA CANCELATION ENDORSEMENT
Technology Insurance Company, Inc. WC 99 00 01 E
4 of 5
WORKERS COMPENSATION AND EMPLOYERS LIABILITY INSURANCE
POLICY INFORMATION PAGE
Insured: Test Policy Number: TWP4535131
EXTENSION OF INFORMATION PAGE FOR ITEM #4
ITEM 4: SCHEDULE OF PREMIUMS
Classifications
# of
Emps
Code
No.
Premium Basis
Total Estimated
Annual
Remuneration
Rate Per
$100 of
Remun.
Estimated
Annual
Premium
California
Landscape Gardening 20 0042 3,565,643 12.36 440,713
Manual Premium 440,713
Total Manual Premium 440,713
Total Premium Subject To Experience Modification 440,713
Experience Modification N/A 440,713
Premium Discount 4.6% 0063 -20,273
Terrorism 3% 9740 1,070
Catastrophe (other than Terrorism) 1% 9741 357
Expense Constant 0900 100
Total CA Premium 421,967
WCARF 1.237% 9999 5,220
UEBTF 0.0818% 9999 345
SIBTF 3.0148% 9999 12,721
OSHAF 0.1885% 9999 795
LECF 0.1058% 9999 446
FRAUD 0.4096% 9999 1,728
Total CA Cost 443,222
TOTAL ESTIMATED ANNUAL PREMIUM 421,967
STATE ASSESSMENT 21,255
TOTAL COST 443,222
Technology Insurance Company, Inc. WC 99 00 01 E
5 of 5
WORKERS COMPENSATION AND EMPLOYERS LIABILITY INSURANCE
POLICY INFORMATION PAGE
Insured: Test Policy Number: TWP4535131
PAYMENT SCHEDULE
Statement
Closing Date
Payment
Due Date Description Amount Due
9/1/2026 Annual Premium Due $443,222.00
Total Cost $443,222.00
Printed: 10/1/2025
IMPORTANT NOTICE
CALIFORNIA WORKERS COMPENSATION
REGARDING YOUR INSURANCE POLICY
This policy, including all endorsements or riders forming a part thereof, constitutes the entire contract of insurance. No condition, provision,
agreement, or understanding not set forth in the policy or in such endorsement or rider shall affect such contract or any rights, duties, or
privileges arising therefrom.
WORKERS COMPENSATION AND EMPLOYERS LIABILITY INSURANCE POLICY WC 00 00 00 C
(Ed. 1-15)
WORKERS COMPENSATION AND EMPLOYERS LIABILITY INSURANCE POLICY
In return for the payment of the premium and subject to
all terms of this policy, we agree with you as follows:
PART ONE
WORKERS COMPENSATION INSURANCE
A. How This Insurance Applies
This workers compensation insurance applies to
bodily injury by accident or bodily injury by disease.
Bodily injury includes resulting death.
1. Bodily injury by accident must occur during the
policy period.
2. Bodily injury by disease must be caused or ag-
gravated by the conditions of your employment.
The employee’s last day of last exposure to the
conditions causing or aggravating such bodily in-
jury by disease must occur during the policy
period.
B. We Will Pay
We will pay promptly when due the benefits required
of you by the workers compensation law.
C. We Will Defend
We have the right and duty to defend at our expense
any claim, proceeding or suit against you for benefits
payable by this insurance. We have the right to in-
vestigate and settle these claims, proceedings or
suits.
We have no duty to defend a claim, proceeding or
suit that is not covered by this insurance.
D. We Will Also Pay
We will also pay these costs, in addition to other
amounts payable under this insurance, as part of
any claim, proceeding or suit we defend:
1. reasonable expenses incurred at our request,
but not loss of earnings;
2. premiums for bonds to release attachments and
for appeal bonds in bond amounts up to the
amount payable under this insurance;
3. 4. litigation costs taxed against you;
interest on a judgment as required by law until
we offer the amount due under this insurance;
and
5. expenses we incur.
E. Other Insurance
We will not pay more than our share of benefits and
costs covered by this insurance and other
GENERAL SECTION
A. The Policy
This policy includes at its effective date the Infor-
mation Page and all endorsements and schedules
listed there. It is a contract of insurance between
you (the employer named in Item 1 of the Infor-
mation Page) and us (the insurer named on the In-
formation Page). The only agreements relating to
this insurance are stated in this policy. The terms of
this policy may not be changed or waived except
by endorsement issued by us to be part of this
policy.
B. Who is Insured
You are insured if you are an employer named in
Item 1 of the Information Page. If that employer is a
partnership, and if you are one of its partners, you
are insured, but only in your capacity as an em-
ployer of the partnership’s employees.
C. Workers Compensation Law
Workers Compensation Law means the workers or
workmen’s compensation law and occupational
disease law of each state or territory named in Item
3.A. of the Information Page. It includes any
amendments to that law which are in effect during
the policy period. It does not include any federal
workers or workmen’s compensation law, any fed-
eral occupational disease law or the provisions of
any law that provide nonoccupational disability
benefits.
D. State
State means any state of the United States of
America, and the District of Columbia.
E. Locations
This policy covers all of your workplaces listed in
Items 1 or 4 of the Information Page; and it covers
all other workplaces in Item 3.A. states unless you
have other insurance or are self-insured for such
workplaces.
1 of 6
 Copyright 2013 National Council on Compensation Insurance, Inc. All Rights Reserved.
WC 00 00 00 C (Ed. 1-15)
WORKERS COMPENSATION AND EMPLOYERS LIABILITY INSURANCE POLICY
insurance or self-insurance. Subject to any limits of
liability that may apply, all shares will be equal until
the loss is paid. If any insurance or self-insurance
is exhausted, the shares of all remaining insurance
will be equal until the loss is paid.
F. Payments You Must Make
You are responsible for any payments in excess of
the benefits regularly provided by the workers
compensation law including those required
because:
1. of your serious and willful misconduct;
2. you knowingly employ an employee in violation
of law;
3. you fail to comply with a health or safety law or
regulation; or
4. you discharge, coerce or otherwise discriminate
against any employee in violation of the workers
compensation law.
If we make any payments in excess of the benefits
regularly provided by the workers compensation
law on your behalf, you will reimburse us promptly.
G. Recovery From Others
We have your rights, and the rights of persons enti-
tled to the benefits of this insurance, to recover our
payments from anyone liable for the injury. You will
do everything necessary to protect those rights for
us and to help us enforce them.
H. Statutory Provisions
These statements apply where they are required by
law.
1. 2. 3. 4. 5. As between an injured worker and us, we have
notice of the injury when you have notice.
Your default or the bankruptcy or insolvency of
you or your estate will not relieve us of our du-
ties under this insurance after an injury occurs.
We are directly and primarily liable to any per-
son entitled to the benefits payable by this in-
surance. Those persons may enforce our duties;
so may an agency authorized by law. Enforce-
ment may be against us or against you and us.
Jurisdiction over you is jurisdiction over us for
purposes of the workers compensation law. We
are bound by decisions against you under that
law, subject to the provisions of this policy that
are not in conflict with that law.
This insurance conforms to the parts of the
workers compensation law that apply to:
a. b. benefits payable by this insurance;
special taxes, payments into security or oth-
er special funds, and assessments payable
by us under that law.
6. Terms of this insurance that conflict with the
workers compensation law are changed by this
statement to conform to that law.
Nothing in these paragraphs relieves you of your du-
ties under this policy.
PART TWO
EMPLOYERS LIABILITY INSURANCE
A. How This Insurance Applies
This employers liability insurance applies to bodily
injury by accident or bodily injury by disease. Bodily
injury includes resulting death.
1. The bodily injury must arise out of and in the
course of the injured employee’s employment by
you.
2. The employment must be necessary or inci-
dental to your work in a state or territory listed in
Item 3.A. of the Information Page.
3. Bodily injury by accident must occur during the
policy period.
4. Bodily injury by disease must be caused or ag-
gravated by the conditions of your employment.
The employee’s last day of last exposure to the
conditions causing or aggravating such bodily in-
jury by disease must occur during the policy
period.
5. If you are sued, the original suit and any related
legal actions for damages for bodily injury by ac-
cident or by disease must be brought in the
United States of America, its territories or pos-
sessions, or Canada.
B. We Will Pay
We will pay all sums that you legally must pay as
damages because of bodily injury to your employ-
ees, provided the bodily injury is covered by this
Employers Liability Insurance.
The damages we will pay, where recovery is permit-
ted by law, include damages:
1. For which you are liable to a third party by rea-
son of a claim or suit against you by that third
party to recover the damages claimed against
2 of 6
 Copyright 2013 National Council on Compensation Insurance, Inc. All Rights Reserved.
WORKERS COMPENSATION AND EMPLOYERS LIABILITY INSURANCE POLICY WC 00 00 00 C
(Ed. 1-15)
such third party as a result of injury to your em-
ployee;
2. For care and loss of services; and
3. For consequential bodily injury to a spouse,
child, parent, brother or sister of the injured em-
ployee; provided that these damages are the di-
rect consequence of bodily injury that arises out
of and in the course of the injured employee’s
employment by you; and
4. Because of bodily injury to your employee that
arises out of and in the course of employment,
claimed against you in a capacity other than as
employer.
C. Exclusions
This insurance does not cover:
1. Liability assumed under a contract. This exclu-
sion does not apply to a warranty that your work
will be done in a workmanlike manner;
2. Punitive or exemplary damages because of bodi-
ly injury to an employee employed in violation of
law;
3. Bodily injury to an employee while employed in
violation of law with your actual knowledge or the
actual knowledge of any of your executive offic-
ers;
4. Any obligation imposed by a workers compensa-
tion, occupational disease, unemployment com-
pensation, or disability benefits law, or any simi-
lar law;
5. Bodily injury intentionally caused or aggravated
by you;
6. Bodily injury occurring outside the United States
of America, its territories or possessions, and
Canada. This exclusion does not apply to bodily
injury to a citizen or resident of the United States
of America or Canada who is temporarily outside
these countries;
7. Damages arising out of coercion, criticism, de-
motion, evaluation, reassignment, discipline,
defamation, harassment, humiliation, discrimina-
tion against or termination of any employee, or
any personnel practices, policies, acts or omis-
sions;
8. Bodily injury to any person in work subject to the
Longshore and Harbor Workers’ Compensation
Act (33 U.S.C. Sections 901 et seq.), the Nonap-
propriated Fund Instrumentalities Act (5 U.S.C.
Sections 8171 et seq.), the Outer Continental
Shelf Lands Act (43 U.S.C. Sections 1331 et
seq.), the Defense Base Act (42 U.S.C. Sections
1651–1654), the Federal Mine Safety and Health
Act (30 U.S.C. Sections 801 et seq. and 901–
944), any other federal workers or workmen’s
compensation law or other federal occupational
disease law, or any amendments to these laws;
9. Bodily injury to any person in work subject to the
Federal Employers’ Liability Act (45 U.S.C. Sec-
tions 51 et seq.), any other federal laws obligat-
ing an employer to pay damages to an employee
due to bodily injury arising out of or in the course
of employment, or any amendments to those
laws;
10. Bodily injury to a master or member of the crew
of any vessel, and does not cover punitive dam-
ages related to your duty or obligation to provide
transportation, wages, maintenance, and cure
under any applicable maritime law;
11. Fines or penalties imposed for violation of federal
or state law; and
12. Damages payable under the Migrant and Sea-
sonal Agricultural Worker Protection Act (29
U.S.C. Sections 1801 et seq.) and under any
other federal law awarding damages for violation
of those laws or regulations issued thereunder,
and any amendments to those laws.
D. We Will Defend
We have the right and duty to defend, at our ex-
pense, any claim, proceeding or suit against you for
damages payable by this insurance. We have the
right to investigate and settle these claims, proceed-
ings and suits.
We have no duty to defend a claim, proceeding or
suit that is not covered by this insurance. We have
no duty to defend or continue defending after we
have paid our applicable limit of liability under this
insurance.
E. We Will Also Pay
We will also pay these costs, in addition to other
amounts payable under this insurance, as part of
any claim, proceeding, or suit we defend:
1. Reasonable expenses incurred at our request,
but not loss of earnings;
2. Premiums for bonds to release attachments and
for appeal bonds in bond amounts up to the limit
of our liability under this insurance;
3. Litigation costs taxed against you;
4. Interest on a judgment as required by law until
we offer the amount due under this insurance;
and
5. Expenses we incur.
3 of 6
 Copyright 2013 National Council on Compensation Insurance, Inc. All Rights Reserved.
WC 00 00 00 C (Ed. 1-15)
WORKERS COMPENSATION AND EMPLOYERS LIABILITY INSURANCE POLICY
F. Other Insurance
We will not pay more than our share of damages
and costs covered by this insurance and other in-
surance or self-insurance. Subject to any limits of li-
ability that apply, all shares will be equal until the
loss is paid. If any insurance or self-insurance is ex-
hausted, the shares of all remaining insurance and
self-insurance will be equal until the loss is paid.
G. Limits of Liability
Our liability to pay for damages is limited. Our limits
of liability are shown in Item 3.B. of the Information
Page. They apply as explained below.
1. Bodily Injury by Accident. The limit shown for
“bodily injury by accident—each accident” is the
most we will pay for all damages covered by this
insurance because of bodily injury to one or
more employees in any one accident.
A disease is not bodily injury by accident unless
it results directly from bodily injury by accident.
2. Bodily Injury by Disease. The limit shown for
“bodily injury by disease—policy limit” is the
most we will pay for all damages covered by this
insurance and arising out of bodily injury by dis-
ease, regardless of the number of employees
who sustain bodily injury by disease. The limit
shown for “bodily injury by disease—each em-
ployee” is the most we will pay for all damages
because of bodily injury by disease to any one
employee.
Bodily injury by disease does not include dis-
ease that results directly from a bodily injury by
accident.
3. We will not pay any claims for damages after we
have paid the applicable limit of our liability un-
der this insurance.
H. Recovery From Others
We have your rights to recover our payment from
anyone liable for an injury covered by this insurance.
You will do everything necessary to protect those
rights for us and to help us enforce them.
I. Actions Against Us
There will be no right of action against us under this
insurance unless:
1. You have complied with all the terms of this poli-
cy; and
2. The amount you owe has been determined with
our consent or by actual trial and final judgment.
This insurance does not give anyone the right to add
us as a defendant in an action against you to deter-
mine your liability. The bankruptcy or insolvency of
you or your estate will not relieve us of our obliga-
tions under this Part.
PART THREE
OTHER STATES INSURANCE
A. How This Insurance Applies
1. This other states insurance applies only if one or
more states are shown in Item 3.C. of the Infor-
mation Page.
2. If you begin work in any one of those states after
the effective date of this policy and are not in-
sured or are not self-insured for such work, all
provisions of the policy will apply as though that
state were listed in Item 3.A. of the Information
Page.
3. We will reimburse you for the benefits required
by the workers compensation law of that state if
we are not permitted to pay the benefits directly
to persons entitled to them.
4. If you have work on the effective date of this pol-
icy in any state not listed in Item 3.A. of the In-
formation Page, coverage will not be afforded for
that state unless we are notified within thirty
days.
B. Notice
Tell us at once if you begin work in any state listed in
Item 3.C. of the Information Page.
PART FOUR
YOUR DUTIES IF INJURY OCCURS
Tell us at once if injury occurs that may be covered
by this policy. Your other duties are listed here.
1. Provide for immediate medical and other ser-
vices required by the workers compensation law.
2. Give us or our agent the names and addresses
of the injured persons and of witnesses, and
other information we may need.
3. Promptly give us all notices, demands and legal
4 of 6
 Copyright 2013 National Council on Compensation Insurance, Inc. All Rights Reserved.
WORKERS COMPENSATION AND EMPLOYERS LIABILITY INSURANCE POLICY WC 00 00 00 C
(Ed. 1-15)
4. 5. 6. papers related to the injury, claim, proceeding
or suit.
Cooperate with us and assist us, as we may re-
quest, in the investigation, settlement or defense
of any claim, proceeding or suit.
Do nothing after an injury occurs that would in-
terfere with our right to recover from others.
Do not voluntarily make payments, assume obli-
gations or incur expenses, except at your own
cost.
PART FIVE
PREMIUM
A. Our Manuals
All premium for this policy will be determined by our
manuals of rules, rates, rating plans and classifica-
tions. We may change our manuals and apply the
changes to this policy if authorized by law or a gov-
ernmental agency regulating this insurance.
B. Classifications
Item 4 of the Information Page shows the rate and
premium basis for certain business or work classifi-
cations. These classifications were assigned based
on an estimate of the exposures you would have
during the policy period. If your actual exposures are
not properly described by those classifications, we
will assign proper classifications, rates and premium
basis by endorsement to this policy.
C. Remuneration
Premium for each work classification is determined
by multiplying a rate times a premium basis. Remu-
neration is the most common premium basis. This
premium basis includes payroll and all other remu-
neration paid or payable during the policy period for
the services of:
1. all your officers and employees engaged in work
covered by this policy; and
2. all other persons engaged in work that could
make us liable under Part One (Workers Com-
pensation Insurance) of this policy. If you do not
have payroll records for these persons, the con-
tract price for their services and materials may
be used as the premium basis. This paragraph 2
will not apply if you give us proof that the em-
ployers of these persons lawfully secured their
workers compensation obligations.
D. Premium Payments
You will pay all premium when due. You will pay the
premium even if part or all of a workers compensa-
tion law is not valid.
E. Final Premium
The premium shown on the Information Page,
schedules, and endorsements is an estimate. The
final premium will be determined after this policy
ends by using the actual, not the estimated, premi-
um basis and the proper classifications and rates
that lawfully apply to the business and work covered
by this policy. If the final premium is more than the
premium you paid to us, you must pay us the bal-
ance. If it is less, we will refund the balance to you.
The final premium will not be less than the highest
minimum premium for the classifications covered by
this policy.
If this policy is canceled, final premium will be de-
termined in the following way unless our manuals
provide otherwise:
1. If we cancel, final premium will be calculated pro
rata based on the time this policy was in force.
Final premium will not be less than the pro rata
share of the minimum premium.
2. If you cancel, final premium will be more than
pro rata; it will be based on the time this policy
was in force, and increased by our short-rate
cancelation table and procedure. Final premium
will not be less than the minimum premium.
F. Records
You will keep records of information needed to com-
pute premium. You will provide us with copies of
those records when we ask for them.
G. Audit
You will let us examine and audit all your records
that relate to this policy. These records include ledg-
ers, journals, registers, vouchers, contracts, tax re-
ports, payroll and disbursement records, and pro-
grams for storing and retrieving data. We may con-
duct the audits during regular business hours during
the policy period and within three years after the pol-
icy period ends. Information developed by audit will
be used to determine final premium. Insurance rate
service organizations have the same rights we have
under this provision.
5 of 6
 Copyright 2013 National Council on Compensation Insurance, Inc. All Rights Reserved.
WC 00 00 00 C (Ed. 1-15)
WORKERS COMPENSATION AND EMPLOYERS LIABILITY INSURANCE POLICY
PART SIX
CONDITIONS
A. Inspection
We have the right, but are not obliged to inspect
your workplaces at any time. Our inspections are not
safety inspections. They relate only to the insurabil-
ity of the workplaces and the premiums to be
charged. We may give you reports on the conditions
we find. We may also recommend changes. While
they may help reduce losses, we do not undertake
to perform the duty of any person to provide for the
health or safety of your employees or the public. We
do not warrant that your workplaces are safe or
healthful or that they comply with laws, regulations,
codes or standards. Insurance rate service organiza-
tions have the same rights we have under this
provision.
B. Long Term Policy
If the policy period is longer than one year and six-
teen days, all provisions of this policy will apply as
though a new policy were issued on each annual
anniversary that this policy is in force.
C. Transfer of Your Rights and Duties
Your rights or duties under this policy may not be
transferred without our written consent.
If you die and we receive notice within thirty days af-
ter your death, we will cover your legal representa-
tive as insured.
D. Cancelation
1. You may cancel this policy. You must mail or de-
liver advance written notice to us stating when
the cancelation is to take effect.
2. We may cancel this policy. We must mail or de-
liver to you not less than ten days advance writ-
ten notice stating when the cancelation is to take
effect. Mailing that notice to you at your mailing
address shown in Item 1 of the Information Page
will be sufficient to prove notice.
3. The policy period will end on the day and hour
stated in the cancelation notice.
4. Any of these provisions that conflict with a law
that controls the cancelation of the insurance in
this policy is changed by this statement to com-
ply with the law.
E. Sole Representative
The insured first named in Item 1 of the Information
Page will act on behalf of all insureds to change this
policy, receive return premium, and give or receive
notice of cancelation.
6 of 6
 Copyright 2013 National Council on Compensation Insurance, Inc. All Rights Reserved.
WORKERS COMPENSATION AND EMPLOYERS LIABILITY INSURANCE POLICY WC 00 04 06 A
(Ed. 7-95)
PREMIUM DISCOUNT ENDORSEMENT
The premium for this policy and the policies, if any, listed in Item 3 of the Schedule may be eligible for a discount. This
endorsement shows your estimated discount in Items 1 or 2 of the Schedule. The final calculation of premium
discount will be determined by our manuals and your premium basis as determined by audit. Premium subject to
retrospective rating is not subject to premium discount.
Schedule
1. State Estimated Eligible Premium
First Next Next
$5,000 $100,000 $500,000 Balance
California 0% 3.5% 5% 7%
2. Average percentage discount: 4.6 %
3. Other policies:
4. If there are no entries in Items 1, 2 and 3 of the Schedule, see the Premium Discount Endorsement attached to
your policy number:
This endorsement changes the policy to which it is attached and is effective on the date issued unless otherwise stated.
(The information below is required only when this endorsement is issued subsequent to preparation of the policy.)
Endorsement Effective Insured Insurance Company 9/1/2026 Policy No. TWP4535131 Endorsement No. 0
Test Premium $ 421,967
Technology Insurance Company, Inc.
Countersigned by
WC 00 04 06 A
(Ed. 7-95)
WORKERS COMPENSATION AND EMPLOYERS LIABILITY INSURANCE POLICY WC 00 04 19
(Ed. 1-01)
PREMIUM DUE DATE ENDORSEMENT
This endorsement is used to amend:
Section D. of Part Five of the policy is replaced by this provision.
PART FIVE
PREMIUM
D. Premium is amended to read:
You will pay all premium when due. You will pay the premium even if part or all of a workers compensation law is
not valid. The due date for audit and retrospective premiums is the date of the billing.
This endorsement changes the policy to which it is attached and is effective on the date issued unless otherwise stated.
(The information below is required only when this endorsement is issued subsequent to preparation of the policy.)
Endorsement Effective
9/1/2026 TWP4535131
Policy No. Endorsement No.
Insured
Premium
Test $421,967
Insurance Company
Technology Insurance
Company, Inc.
Countersigned by ___________________________________________
WC 00 04 19
(Ed. 1-01)
 2000 National Council on Compensation Insurance, Inc.
WORKERS COMPENSATION AND EMPLOYERS LIABILITY INSURANCE POLICY WC 00 04 21 F
(Ed. 08-2022 Countrywide, Ed. 07-2022 in Texas)
Catastrophe (Other Than Certified Acts of Terrorism) Premium Endorsement
This endorsement is notification that we are charging premium to cover the losses that may occur in the event of a
Catastrophe (Other Than Certified Acts of Terrorism) as that term is defined below. Your policy provides coverage for
workers compensation losses caused by a Catastrophe (Other Than Certified Acts of Terrorism). Coverage for such
losses is subject to all terms, definitions, exclusions, and conditions in your policy, and any applicable federal and/or
state laws, rules, or regulations. This premium charge does not provide funding for Certified Acts of Terrorism
contemplated under the Terrorism Risk Insurance Program Reauthorization Act Disclosure Endorsement attached to
this policy.
For purposes of this endorsement, Catastrophe (Other Than Certified Acts of Terrorism) is defined as: A single event
or peril resulting in a group of claims with aggregate workers compensation losses in excess of $50 million. This $50
million threshold applies per occurrence, across all states for which claims arise from a single event or peril.
The premium charge for the coverage your policy provides for workers compensation losses caused by a Catastrophe
(Other Than Certified Acts of Terrorism) is shown in Item 4 of the Information Page or in the Schedule below.
Schedule
State Rate Premium
CA 0.010 $357.00
This endorsement changes the policy to which it is attached and is effective on the date issued unless otherwise stated.
(The information below is required only when this endorsement is issued subsequent to preparation of the policy.)
Endorsement Effective Insured Insurance Company 9/1/2026 Policy No. TWP4535131 Endorsement No. 0
Test Premium $ 421,967
Technology Insurance Company, Inc.
Countersigned by
WC 00 04 21 F
(Ed. 08-2022 Countrywide, Ed. 07-2022 in Texas)
© Copyright 2021 National Council on Compensation Insurance, Inc. All rights reserved.
WORKERS COMPENSATION AND EMPLOYERS LIABILITY INSURANCE POLICY WC 00 04 22 C
(Ed. 01-21)
TERRORISM RISK INSURANCE PROGRAM REAUTHORIZATION ACT DISCLOSURE ENDORSEMENT
This endorsement addresses the requirements of the Terrorism Risk Insurance Act of 2002 as amended and extended by the
Terrorism Risk Insurance Program Reauthorization Act of 2019. It serves to notify you of certain limitations under the Act, and that
your insurance carrier is charging premium for losses that may occur in the event of an Act of Terrorism.
Your policy provides coverage for workers compensation losses caused by Acts of Terrorism, including workers compensation
benefit obligations dictated by state law. Coverage for such losses is still subject to all terms, definitions, exclusions, and
conditions in your policy, and any applicable federal and/or state laws, rules, or regulations.
Definitions
The definitions provided in this endorsement are based on and have the same meaning as the definitions in the Act. If words or
phrases not defined in this endorsement are defined in the Act, the definitions in the Act will apply.
""Act"" means the Terrorism Risk Insurance Act of 2002, which took effect on November 26, 2002, and any amendments thereto,
including any amendments resulting from the Terrorism Risk Insurance Program Reauthorization Act of 2019.
""Act Of Terrorism"" means any act that is certified by the Secretary of the Treasury, in consultation with the Secretary of Homeland
Security, and the Attorney General of the United States, as meeting all of the following requirements:
a. b. c.
d.
The act is an act of terrorism.
The act is violent or dangerous to human life, property, or infrastructure.
The act resulted in damage within the United States, or outside of the United States in the case of the premises of United
States missions or certain air carriers or vessels.
The act has been committed by an individual or individuals as part of an effort to coerce the civilian population of the United
States or to influence the policy or affect the conduct of the United States Government by coercion.
""Insured Loss"" means any loss resulting from an act of terrorism (and, except for Pennsylvania, including an act of war, in the case
of workers compensation) that is covered by primary or excess property and casualty insurance issued by an insurer if the loss
occurs in the United States or at the premises of United States missions or to certain air carriers or vessels.
""Insurer Deductible"" means, for the period beginning on January 1, 2021, and ending on December 31, 2027, an amount equal to
20% of our direct earned premiums during the immediately preceding calendar year.
Limitation of Liability
The Act limits our liability to you under this policy. If aggregate Insured Losses exceed $100,000,000,000 in a calendar year and if
we have met our Insurer Deductible, we are not liable for the payment of any portion of the amount of Insured Losses that exceeds
$100,000,000,000; and for aggregate Insured Losses up to $100,000,000,000, we will pay only a pro rata share of such Insured
Losses as determined by the Secretary of the Treasury.
Policyholder Disclosure Notice
1. Insured Losses would be partially reimbursed by the United States Government. If the aggregate industry Insured Losses
occurring in any calendar year exceed $200,000,000, the United States Government would pay 80% of our Insured Losses
that exceed our Insurer Deductible.
2. Notwithstanding item 1 above, the United States Government will not make any payment under the Act for any portion of
Insured Losses that exceed $100,000,000,000.
3. The premium charge for the coverage your policy provides for Insured Losses is included in the amount shown in Item 4 of
the Information Page or in the Schedule below.
WC 00 04 22 C
(Ed. 01-21)
© Copyright 2020 National Council on Compensation Insurance, Inc. All Rights Reserved.
WORKERS COMPENSATION AND EMPLOYERS LIABILITY INSURANCE POLICY WC 00 04 22 C
(Ed. 01-21)
Schedule
State Rate Premium
CA 0.03 $1,070.00
This endorsement changes the policy to which it is attached and is effective on the date issued unless otherwise stated.
(The information below is required only when this endorsement is issued subsequent to preparation of the policy.)
Endorsement Effective Insured Insurance Company 9/1/2026 Policy No. TWP4535131 Endorsement No. 0
Test Premium $ 421,967
Technology Insurance Company, Inc.
Countersigned by
WC 00 04 22 C
(Ed. 01-21)
© Copyright 2020 National Council on Compensation Insurance, Inc. All Rights Reserved.
WORKERS COMPENSATION AND EMPLOYERS LIABILITY INSURANCE POLICY WC 04 03 01 D
(Ed. 02-18)
POLICY AMENDATORY ENDORSEMENT–CALIFORNIA
It is agreed that, anything in the policy to the contrary notwithstanding, such insurance as is afforded by this policy by reason of
the designation of California in Item 3 of the Information Page is subject to the following provisions:
1. 2. 3. 4. 5. 6. 7. 8. Minors Illegally Employed – Not Insured. This policy does not cover liability for additional compensation imposed on you
under Section 4557, Division IV, Labor Code of the State of California, by reason of injury to an employee under sixteen
years of age and illegally employed at the time of injury.
Punitive or Exemplary Damages – Uninsurable. This policy does not cover punitive or exemplary damages where
insurance of liability therefor is prohibited by law or contrary to public policy.
Increase in Indemnity Payment – Reimbursement. You are obligated to reimburse us for the amount of increase in
indemnity payments made pursuant to Subdivision (d) of Section 4650 of the California Labor Code, if the late indemnity
payment which gives rise to the increase in the amount of payment is due less than seven (7) days after we receive the
completed claim form from you. You are obligated to reimburse us for any increase in indemnity payments not covered under
this policy and will reimburse us for any increase in indemnity payment not covered under the policy when the aggregate total
amount of the reimbursement payments paid in a policy year exceeds one hundred dollars ($100).
If we notify you in writing, within 30 days of the payment, that you are obligated to reimburse us, we will bill you for the
amount of increase in indemnity payment and collect it no later than the final audit. You will have 60 days, following notice of
the obligation to reimburse, to appeal the decision of the insurer to the Department of Insurance.
Application of Policy. Part One, “Workers Compensation Insurance”, A, “How This Insurance Applies”, is amended to read
as follows:
This workers compensation insurance applies to bodily injury by accident or disease, including death resulting therefrom.
Bodily injury by accident must occur during the policy period. Bodily injury by disease must be caused or aggravated by the
conditions of your employment. Your employee’s exposure to those conditions causing or aggravating such bodily injury by
disease must occur during the policy period.
Rate Changes. The premium and rates with respect to the insurance provided by this policy by reason of the designation of
California in Item 3 of the Information Page are subject to change if ordered by the Insurance Commissioner of the State of
California pursuant to Section 11737 of the California Insurance Code.
Long Term Policy. If this policy is written for a period longer than one year, all the provisions of this policy shall apply
separately to each consecutive twelve-month period or, if the first or last consecutive period is less than twelve months, to
such period of less than twelve months, in the same manner as if a separate policy had been written for each consecutive
period.
Statutory Provision. Your employee has a first lien upon any amount which becomes owing to you by us on account of this
policy, and in the case of your legal incapacity or inability to receive the money and pay it to the claimant, we will pay it
directly to the claimant.
Part Five, “Premium”, E, “Final Premium”, is amended to read as follows:
The premium shown on the Information Page, schedules, and endorsements is an estimate. The final premium will be
determined after this policy ends by using the actual, not the estimated, premium basis and the proper classifications and
rates that lawfully apply to the business and work covered by this policy. If the final premium is more than the premium you
paid to us, you must pay us the balance. If it is less, we will refund the balance to you. The final premium will not be less than
the highest minimum premium for the classifications covered by this policy.
If this policy is canceled, final premium will be determined in the following way unless our manuals provide otherwise:
a. b. If we cancel, final premium will be calculated pro rata based on the time this policy was in force. Final premium will not
be less than the pro rata share of the minimum premium.
If you cancel, final premium may be more than pro rata; it will be based on the time this policy was in force, and may be
increased by our short-rate cancelation table and procedure. Final premium will not be less than the pro rata share of the
minimum premium.
1 of 2
WORKERS COMPENSATION AND EMPLOYERS LIABILITY INSURANCE POLICY WC 04 03 01 D
(Ed. 02-18)
It is further agreed that this policy, including all endorsements forming a part thereof, constitutes the entire contract of insurance.
No condition, provision, agreement, or understanding not set forth in this policy or such endorsements shall affect such contract
or any rights, duties, or privileges arising therefrom.
This endorsement changes the policy to which it is attached and is effective on the date issued unless otherwise stated.
(The information below is required only when this endorsement is issued subsequent to preparation of the policy.)
9/1/2026 TWP4535131
Endorsement Effective Policy No. Endorsement No.
Test
Insured Insurance Company
Technology Insurance Company, Inc.
Countersigned by
Countersigned By
2 of 2
WORKERS COMPENSATION AND EMPLOYERS LIABILITY INSURANCE POLICY WC 04 03 10
(Ed. 01-95)
DUTY TO DEFEND-CALIFORNIA
The insurance afforded by Part One, Section C,""We Will Defend"", is hereby deleted and replaced with the following:
WE WILL DEFEND
We have the right and duty to defend at our expense any claim or proceeding against you before the California Workers'
Compensation Appeals Board or its equivalent in any other state (and any appeal of a decision therefrom) for the benefits payable
by this workers’ compensation insurance. We have the right to investigate and settle these claims or proceedings.
We have no duty to defend a claim, proceeding, or suit that is not covered by this insurance.
Nothing contained in this Section shall amend, modify, restrict, or otherwise alter any obligations or conditions under Part Two –
Employer’s Liability Insurance of the policy.
This endorsement changes the policy to which it is attached and is effective on the date issued unless otherwise stated.
(The information below is required only when this endorsement is issued subsequent to preparation of the policy.)
Endorsement Effective Insured Insurance Company 9/1/2026 Policy No. TWP4535131 Endorsement No. 0
Test Premium $ 421,967
Technology Insurance Company, Inc.
Countersigned by
WC 04 03 10
(Ed. 01-95)
WORKERS COMPENSATION AND EMPLOYERS LIABILITY INSURANCE POLICY WC 04 03 60 B
(Ed. 1-15)
EMPLOYERS’ LIABILITY COVERAGE AMENDATORY ENDORSEMENT-CALIFORNIA
The insurance afforded by Part Two (Employers’ Liability Insurance) by reason of designation of California in item 3 of the
information page is subject to the following provisions:
A. ""How This Insurance Applies,"" is amended to read as follows:
A.
How This Insurance Applies
This employers’ liability insurance applies to bodily injury by accident or bodily injury by disease. Bodily injury means a
physical injury, including resulting death.
1.
The bodily injury must arise out of and in the course of the injured employee’s employment by you.
2.
The employment must be necessary or incidental to your work in California.
3.
Bodily injury by accident must occur during the policy period.
4.
Bodily injury by disease must be caused or aggravated by the conditions of your employment. The employee’s last day
of last exposure to the conditions causing or aggravating such bodily injury by disease must occur during the policy
period.
5.
If you are sued, the original suit and any related legal actions for damages for bodily injury by accident or by disease
must be brought in the United States of America, its territories or possessions, or Canada.
E.
The ""Exclusions"" section is modified as follows (all other exclusions in the ""Exclusions""Section remain As Is):
1.
2.
3.
4.
Exclusion 1 is amended to read as follows:
1.
liability assumed under a contract.
Exclusion 2 is deleted.
Exclusion 7 is amended to read as follows:
7.
damages arising out of coercion, criticism, demotion, evaluation, reassignment, discipline, defamation, harassment,
humiliation, discrimination against or termination of any employee, termination of employment, or any personnel
practices, policies, acts or omissions.
The following exclusions are added:
1.
bodily injury to any member of the flying crew of any aircraft.
2.
bodily injury to an employee when you are deprived of statutory or common law defenses or are subject to penalty
because of your failure to secure your obligations under the workers’ compensation law(s) applicable to you or
otherwise fail to comply with that law.
3.
liability arising from California Labor Code Section 2810.3 which relates to labor contracting.
This endorsement changes the policy to which it is attached and is effective on the date issued unless otherwise stated.
(The information below is required only when this endorsement is issued subsequent to preparation of the policy.)
Endorsement Effective Insured 9/1/2026 Policy No. TWP4535131 Test
Endorsement No. 0
Insurance Company Technology Insurance Company, Inc.
Countersigned by
WC 04 03 60 B
(Ed. 1-15)
© Copyright 2015 by the Workers' Compensation Insurance Rating Bureau of California. All rights reserved. From
the WCIRB's California Workers' Comensation Insurance Forms Manual © 2001.
WORKERS COMPENSATION AND EMPLOYERS LIABILITY INSURANCE POLICY WC 04 04 21
(Ed. 1-08)
OPTIONAL PREMIUM INCREASE ENDORSEMENT – CALIFORNIA
You must provide us, or our authorized representative, access to records necessary to perform a payroll verification audit. If you fail
to provide access within 90 days after expiration of the policy, you are liable to pay a total premium equal to 3 times our current
estimate of the annual premium for your policy. In addition, if you fail to provide access after our third request within a 90 day or
longer period, you are also liable for our costs in attempting to perform the audit unless you provide a compelling business reason
for your failure.
We will contact you to schedule appointments during normal business hours.
We will notify you of your failure to provide access by mailing a certified, return-receipt document stating the increased premium
and the total amount of our costs incurred in our attempt(s) to perform an audit. In addition to any other obligations under this
contract, 30 days after you receive the notification, you will be obligated to pay the total premium and costs referenced above. If,
thereafter, you provide access to your records within three years after the policy expires, or within another mutually agreed upon
time, and we succeed in performing the audit to our satisfaction, we will revise your total premium and the costs due to reflect the
results of the audit.
This endorsement changes the policy to which it is attached and is effective on the date issued unless otherwise stated.
(The information below is required only when this endorsement is issued subsequent to preparation of the policy.)
Endorsement Effective Insured Insurance Company 9/1/2026 Policy No. TWP4535131 Endorsement No. 0
Test Premium $ 421,967
Technology Insurance Company, Inc.
Countersigned by
WC 04 04 21
(Ed. 1-08)
© Copyright 2007 National Council on Compensation Insurance, Inc. All Rights Reserved.
WORKERS COMPENSATION AND EMPLOYERS LIABILITY INSURANCE POLICY WC 04 06 01 B
(Ed. 01-22)
CALIFORNIA CANCELATION ENDORSEMENT
This endorsement applies only to the insurance provided by the policy because California is shown in Item 3.A. of the Information
Page.
The cancelation condition in Part Six (Conditions) of the policy is replaced by these conditions:
Cancelation
1.
2.
You may cancel this policy. You must mail or deliver advance written notice to us stating when the cancelation is to take effect.
We may cancel this policy for one or more of the following reasons:
a.
Non-payment of premium;
b.
Failure to report payroll;
c.
d.
Failure to permit us to audit payroll as required by the terms of this policy or of a previous policy issued by us;
Failure to pay any additional premium resulting from an audit of payroll required by the terms of this policy or any previous
policy issued by us;
e.
f.
Material misrepresentation made by you or your agent;
Failure to cooperate with us in the investigation of a claim;
g.
Material failure to comply with federal or state safety orders or written recommendations of our designated loss control
representatives;
h.
i.
The occurrence of a material change in the ownership of your business;
The occurrence of any change in your business or operations that materially increases the hazard for frequency or severity
of loss;
j.
The occurrence of any change in your business or operation that requires additional or different classification for premium
calculation;
k.
The occurrence of any change in your business or operation which contemplates an activity excluded by our reinsurance
treaties
3.
If we cancel your policy for any of the reasons listed in (a) through (f), we will give you 10 days advance written notice, stating
when the cancelation is to take effect. Mailing that notice to you at your mailing address shown in Item 1 of the Information
Page will be sufficient to prove notice. If we cancel your policy for any of the reasons listed in Items (g) through (k), we will give
you 30 days advance written notice; however, we agree that in the event of cancelation and reissuance of a policy effective
upon a material change in ownership or operations, notice will not be provided.
4.
If we mail the notice to you, the stated periods of notice and your right to remedy the condition will be extended by 5 days if the
place of mailing and your mailing address is within California, 10 days if the place of mailing or your mailing address is outside
of California and 20 days if the place of mailing or your mailing address is outside of the United States.
5.
The policy period will end on the day and hour stated in the cancelation notice.
This endorsement changes the policy to which it is attached and is effective on the date issued unless otherwise stated.
(The information below is required only when this endorsement is issued subsequent to preparation of the policy.)
Endorsement Effective Insured Insurance Company 9/1/2026 Policy No. TWP4535131 Endorsement No. 0
Test Premium $ 421,967
Technology Insurance Company, Inc.
Countersigned by
WC 04 06 01 B
(Ed. 01-22)"
